user_id	Gender	userID
1	F	0
2	M	1
3	M	2
4	M	3
5	M	4
6	F	5
7	M	6
8	M	7
9	M	8
10	F	9
11	F	10
12	M	11
13	M	12
14	M	13
15	M	14
16	F	15
17	M	16
18	F	17
19	M	18
20	M	19
21	M	20
22	M	21
23	M	22
24	F	23
25	M	24
26	M	25
27	M	26
28	F	27
29	M	28
30	F	29
31	M	30
32	F	31
33	M	32
34	F	33
35	M	34
36	M	35
37	F	36
38	F	37
39	M	38
40	M	39
41	F	40
42	M	41
43	M	42
44	M	43
45	F	44
46	M	45
47	M	46
48	M	47
49	M	48
50	F	49
51	F	50
52	M	51
53	M	52
54	M	53
55	F	54
56	M	55
57	M	56
58	M	57
59	F	58
60	M	59
61	M	60
62	F	61
63	M	62
64	M	63
65	M	64
66	M	65
67	F	66
68	M	67
69	F	68
70	M	69
71	M	70
72	F	71
73	M	72
74	M	73
75	F	74
76	M	75
77	M	76
78	F	77
79	F	78
80	M	79
81	F	80
82	M	81
83	F	82
84	M	83
85	M	84
86	F	85
87	M	86
88	F	87
89	F	88
90	M	89
91	M	90
92	F	91
93	M	92
94	M	93
95	M	94
96	F	95
97	F	96
98	F	97
99	F	98
100	M	99
101	F	100
102	M	101
103	M	102
104	M	103
105	M	104
106	F	105
107	M	106
108	M	107
109	M	108
110	M	109
111	M	110
112	M	111
113	M	112
114	F	113
115	M	114
116	M	115
117	M	116
118	M	117
119	F	118
120	M	119
121	M	120
122	F	121
123	M	122
124	M	123
125	M	124
126	M	125
127	F	126
128	M	127
129	M	128
130	M	129
131	M	130
132	M	131
133	F	132
134	M	133
135	M	134
136	M	135
137	F	136
138	M	137
139	F	138
140	F	139
141	M	140
142	M	141
143	M	142
144	M	143
145	M	144
146	F	145
147	M	146
148	M	147
149	M	148
150	M	149
151	F	150
152	M	151
153	M	152
154	M	153
155	M	154
156	F	155
157	M	156
158	M	157
159	F	158
160	M	159
161	M	160
162	F	161
163	M	162
164	F	163
165	M	164
166	M	165
167	F	166
168	F	167
169	M	168
170	M	169
171	F	170
172	M	171
173	M	172
174	M	173
175	F	174
176	F	175
177	M	176
178	M	177
179	M	178
180	M	179
181	M	180
182	M	181
183	F	182
184	F	183
185	M	184
186	M	185
187	F	186
188	M	187
189	M	188
190	M	189
191	M	190
192	M	191
193	F	192
194	F	193
195	M	194
196	F	195
197	M	196
198	M	197
199	M	198
200	F	199
201	F	200
202	M	201
203	F	202
204	M	203
205	M	204
206	M	205
207	M	206
208	M	207
209	M	208
210	F	209
211	M	210
212	M	211
213	F	212
214	M	213
215	M	214
216	M	215
217	M	216
218	M	217
219	F	218
220	M	219
221	F	220
222	M	221
223	M	222
224	F	223
225	M	224
226	M	225
227	M	226
228	M	227
229	M	228
230	M	229
231	M	230
232	M	231
233	F	232
234	M	233
235	M	234
236	M	235
237	M	236
238	F	237
239	M	238
240	M	239
241	M	240
242	F	241
243	M	242
244	M	243
245	M	244
246	F	245
247	M	246
248	M	247
249	F	248
250	M	249
251	M	250
252	M	251
253	F	252
254	M	253
255	M	254
256	M	255
257	M	256
258	M	257
259	M	258
260	M	259
261	M	260
262	F	261
263	F	262
264	M	263
265	F	264
266	M	265
267	M	266
268	F	267
269	M	268
270	M	269
271	M	270
272	M	271
273	M	272
274	M	273
275	M	274
276	M	275
277	F	276
278	M	277
279	M	278
280	M	279
281	F	280
282	M	281
283	M	282
284	M	283
285	F	284
286	M	285
287	M	286
288	F	287
289	F	288
290	F	289
291	M	290
292	M	291
293	M	292
294	F	293
295	M	294
296	M	295
297	M	296
298	F	297
299	M	298
300	M	299
301	M	300
302	M	301
303	M	302
304	M	303
305	F	304
306	M	305
307	M	306
308	M	307
309	M	308
310	F	309
311	M	310
312	F	311
313	F	312
314	F	313
315	F	314
316	M	315
317	M	316
318	F	317
319	F	318
320	M	319
321	M	320
322	M	321
323	M	322
324	M	323
325	F	324
326	M	325
327	M	326
328	M	327
329	M	328
330	M	329
331	M	330
332	M	331
333	M	332
334	F	333
335	M	334
336	M	335
337	M	336
338	M	337
339	M	338
340	F	339
341	F	340
342	M	341
343	F	342
344	M	343
345	M	344
346	F	345
347	F	346
348	M	347
349	M	348
350	M	349
351	M	350
352	M	351
353	F	352
354	M	353
355	M	354
356	M	355
357	M	356
358	F	357
359	M	358
360	M	359
361	F	360
362	M	361
363	M	362
364	F	363
365	F	364
366	M	365
367	M	366
368	M	367
369	M	368
370	M	369
371	M	370
372	F	371
373	F	372
374	F	373
375	M	374
376	M	375
377	M	376
378	F	377
379	F	378
380	M	379
381	M	380
382	F	381
383	F	382
384	M	383
385	M	384
386	M	385
387	F	386
388	F	387
389	M	388
390	M	389
391	M	390
392	M	391
393	M	392
394	M	393
395	M	394
396	M	395
397	M	396
398	M	397
399	F	398
400	F	399
401	M	400
402	M	401
403	M	402
404	M	403
405	M	404
406	M	405
407	M	406
408	M	407
409	M	408
410	F	409
411	F	410
412	M	411
413	M	412
414	M	413
415	F	414
416	M	415
417	F	416
418	F	417
419	M	418
420	M	419
421	F	420
422	M	421
423	M	422
424	M	423
425	M	424
426	M	425
427	M	426
428	F	427
429	M	428
430	F	429
431	M	430
432	M	431
433	M	432
434	F	433
435	M	434
436	M	435
437	M	436
438	M	437
439	M	438
440	M	439
441	M	440
442	M	441
443	M	442
444	M	443
445	M	444
446	F	445
447	F	446
448	M	447
449	M	448
450	M	449
451	M	450
452	M	451
453	M	452
454	M	453
455	F	454
456	M	455
457	M	456
458	M	457
459	F	458
460	M	459
461	M	460
462	M	461
463	M	462
464	F	463
465	M	464
466	M	465
467	F	466
468	F	467
469	M	468
470	F	469
471	M	470
472	M	471
473	F	472
474	M	473
475	F	474
476	M	475
477	M	476
478	M	477
479	M	478
480	F	479
481	M	480
482	M	481
483	M	482
484	F	483
485	M	484
486	M	485
487	F	486
488	M	487
489	M	488
490	M	489
491	M	490
492	M	491
493	M	492
494	F	493
495	M	494
496	M	495
497	F	496
498	M	497
499	F	498
500	F	499
501	M	500
502	M	501
503	M	502
504	M	503
505	M	504
506	M	505
507	F	506
508	M	507
509	M	508
510	M	509
511	F	510
512	M	511
513	M	512
514	M	513
515	M	514
516	F	515
517	F	516
518	F	517
519	F	518
520	F	519
521	M	520
522	M	521
523	M	522
524	M	523
525	M	524
526	M	525
527	F	526
528	F	527
529	M	528
530	M	529
531	F	530
532	M	531
533	M	532
534	M	533
535	M	534
536	M	535
537	M	536
538	M	537
539	M	538
540	M	539
541	F	540
542	M	541
543	M	542
544	M	543
545	M	544
546	F	545
547	M	546
548	F	547
549	M	548
550	M	549
551	M	550
552	M	551
553	M	552
554	M	553
555	M	554
556	F	555
557	M	556
558	M	557
559	F	558
560	M	559
561	F	560
562	M	561
563	M	562
564	M	563
565	M	564
566	M	565
567	M	566
568	F	567
569	F	568
570	M	569
571	M	570
572	M	571
573	F	572
574	M	573
575	M	574
576	F	575
577	M	576
578	M	577
579	M	578
580	M	579
581	M	580
582	M	581
583	F	582
584	F	583
585	M	584
586	M	585
587	M	586
588	F	587
589	M	588
590	F	589
591	M	590
592	M	591
593	F	592
594	F	593
595	M	594
596	F	595
597	M	596
598	M	597
599	M	598
600	M	599
601	F	600
602	F	601
603	F	602
604	M	603
605	F	604
606	F	605
607	M	606
608	M	607
609	M	608
610	M	609
611	M	610
612	M	611
613	M	612
614	M	613
615	M	614
616	M	615
617	F	616
618	M	617
619	F	618
620	M	619
621	M	620
622	M	621
623	M	622
624	M	623
625	F	624
626	M	625
627	M	626
628	F	627
629	F	628
630	F	629
631	M	630
632	M	631
633	M	632
634	F	633
635	M	634
636	M	635
637	M	636
638	M	637
639	M	638
640	M	639
641	F	640
642	F	641
643	M	642
644	M	643
645	M	644
646	M	645
647	M	646
648	F	647
649	M	648
650	M	649
651	M	650
652	M	651
653	M	652
654	M	653
655	F	654
656	F	655
657	F	656
658	F	657
659	F	658
660	M	659
661	M	660
662	M	661
663	F	662
664	M	663
665	M	664
666	F	665
667	M	666
668	F	667
669	M	668
670	M	669
671	M	670
672	M	671
673	M	672
674	M	673
675	M	674
676	M	675
677	M	676
678	M	677
679	M	678
680	M	679
681	M	680
682	M	681
683	M	682
684	M	683
685	M	684
686	M	685
687	F	686
688	M	687
689	F	688
690	M	689
691	M	690
692	F	691
693	M	692
694	M	693
695	F	694
696	M	695
697	F	696
698	M	697
699	M	698
700	M	699
701	F	700
702	M	701
703	F	702
704	F	703
705	M	704
706	M	705
707	M	706
708	M	707
709	M	708
710	M	709
711	M	710
712	M	711
713	M	712
714	M	713
715	M	714
716	M	715
717	M	716
718	M	717
719	M	718
720	M	719
721	F	720
722	M	721
723	M	722
724	M	723
725	M	724
726	F	725
727	M	726
728	M	727
729	M	728
730	M	729
731	M	730
732	M	731
733	M	732
734	M	733
735	M	734
736	M	735
737	M	736
738	M	737
739	M	738
740	M	739
741	M	740
742	M	741
743	F	742
744	M	743
745	M	744
746	F	745
747	M	746
748	M	747
749	M	748
750	F	749
751	F	750
752	F	751
753	M	752
754	M	753
755	F	754
756	M	755
757	M	756
758	M	757
759	F	758
760	M	759
761	M	760
762	M	761
763	M	762
764	M	763
765	M	764
766	F	765
767	M	766
768	M	767
769	M	768
770	M	769
771	F	770
772	M	771
773	M	772
774	M	773
775	M	774
776	F	775
777	M	776
778	M	777
779	M	778
780	M	779
781	M	780
782	M	781
783	M	782
784	M	783
785	M	784
786	M	785
787	M	786
788	M	787
789	M	788
790	M	789
791	M	790
792	M	791
793	F	792
794	M	793
795	F	794
796	M	795
797	F	796
798	F	797
799	F	798
800	F	799
801	F	800
802	M	801
803	M	802
804	M	803
805	M	804
806	M	805
807	M	806
808	M	807
809	M	808
810	M	809
811	M	810
812	M	811
813	M	812
814	F	813
815	M	814
816	M	815
817	M	816
818	M	817
819	M	818
820	M	819
821	M	820
822	F	821
823	M	822
824	M	823
825	M	824
826	F	825
827	M	826
828	M	827
829	M	828
830	M	829
831	F	830
832	M	831
833	M	832
834	F	833
835	M	834
836	M	835
837	M	836
838	M	837
839	M	838
840	F	839
841	F	840
842	F	841
843	M	842
844	M	843
845	F	844
846	M	845
847	F	846
848	M	847
849	M	848
850	M	849
851	M	850
852	M	851
853	M	852
854	F	853
855	F	854
856	F	855
857	M	856
858	M	857
859	M	858
860	M	859
861	M	860
862	M	861
863	M	862
864	F	863
865	M	864
866	M	865
867	M	866
868	M	867
869	M	868
870	F	869
871	M	870
872	M	871
873	M	872
874	M	873
875	M	874
876	M	875
877	M	876
878	M	877
879	M	878
880	M	879
881	M	880
882	M	881
883	F	882
884	M	883
885	M	884
886	F	885
887	F	886
888	F	887
889	M	888
890	M	889
891	M	890
892	M	891
893	F	892
894	M	893
895	M	894
896	M	895
897	M	896
898	M	897
899	F	898
900	F	899
901	F	900
902	M	901
903	M	902
904	M	903
905	F	904
906	M	905
907	F	906
908	F	907
909	M	908
910	F	909
911	M	910
912	F	911
913	M	912
914	F	913
915	M	914
916	F	915
917	M	916
918	F	917
919	F	918
920	M	919
921	M	920
922	M	921
923	M	922
924	M	923
925	F	924
926	M	925
927	F	926
928	F	927
929	M	928
930	M	929
931	F	930
932	F	931
933	M	932
934	F	933
935	M	934
936	M	935
937	M	936
938	F	937
939	F	938
940	M	939
941	M	940
942	F	941
943	F	942
944	M	943
945	M	944
946	M	945
947	M	946
948	M	947
949	M	948
950	M	949
951	M	950
952	M	951
953	M	952
954	F	953
955	F	954
956	M	955
957	M	956
958	M	957
959	M	958
960	M	959
961	M	960
962	F	961
963	M	962
964	M	963
965	M	964
966	M	965
967	F	966
968	M	967
969	F	968
970	M	969
971	M	970
972	M	971
973	F	972
974	M	973
975	M	974
976	M	975
977	M	976
978	M	977
979	M	978
980	M	979
981	M	980
982	F	981
983	F	982
984	M	983
985	M	984
986	F	985
987	F	986
988	M	987
989	M	988
990	M	989
991	F	990
992	F	991
993	M	992
994	M	993
995	F	994
996	M	995
997	M	996
998	M	997
999	M	998
1000	F	999
1001	M	1000
1002	M	1001
1003	M	1002
1004	M	1003
1005	M	1004
1006	M	1005
1007	M	1006
1008	M	1007
1009	M	1008
1010	M	1009
1011	M	1010
1012	F	1011
1013	M	1012
1014	F	1013
1015	M	1014
1016	M	1015
1017	M	1016
1018	M	1017
1019	M	1018
1020	M	1019
1021	M	1020
1022	M	1021
1023	M	1022
1024	F	1023
1025	M	1024
1026	F	1025
1027	M	1026
1028	F	1027
1029	M	1028
1030	M	1029
1031	M	1030
1032	M	1031
1033	M	1032
1034	F	1033
1035	M	1034
1036	M	1035
1037	M	1036
1038	F	1037
1039	F	1038
1040	M	1039
1041	M	1040
1042	M	1041
1043	F	1042
1044	M	1043
1045	F	1044
1046	M	1045
1047	M	1046
1048	M	1047
1049	M	1048
1050	M	1049
1051	F	1050
1052	F	1051
1053	M	1052
1054	M	1053
1055	M	1054
1056	M	1055
1057	M	1056
1058	M	1057
1059	F	1058
1060	M	1059
1061	M	1060
1062	M	1061
1063	M	1062
1064	M	1063
1065	F	1064
1066	M	1065
1067	M	1066
1068	F	1067
1069	M	1068
1070	F	1069
1071	M	1070
1072	F	1071
1073	F	1072
1074	M	1073
1075	F	1074
1076	F	1075
1077	M	1076
1078	F	1077
1079	M	1078
1080	M	1079
1081	M	1080
1082	M	1081
1083	M	1082
1084	M	1083
1085	M	1084
1086	M	1085
1087	M	1086
1088	F	1087
1089	M	1088
1090	M	1089
1091	M	1090
1092	F	1091
1093	M	1092
1094	F	1093
1095	F	1094
1096	M	1095
1097	M	1096
1098	M	1097
1099	M	1098
1100	M	1099
1101	M	1100
1102	M	1101
1103	F	1102
1104	M	1103
1105	M	1104
1106	M	1105
1107	F	1106
1108	M	1107
1109	M	1108
1110	F	1109
1111	F	1110
1112	M	1111
1113	M	1112
1114	F	1113
1115	F	1114
1116	M	1115
1117	M	1116
1118	M	1117
1119	M	1118
1120	M	1119
1121	M	1120
1122	M	1121
1123	M	1122
1124	M	1123
1125	F	1124
1126	M	1125
1127	M	1126
1128	M	1127
1129	M	1128
1130	M	1129
1131	M	1130
1132	M	1131
1133	M	1132
1134	M	1133
1135	M	1134
1136	F	1135
1137	M	1136
1138	M	1137
1139	M	1138
1140	F	1139
1141	F	1140
1142	M	1141
1143	M	1142
1144	M	1143
1145	M	1144
1146	F	1145
1147	M	1146
1148	M	1147
1149	M	1148
1150	F	1149
1151	M	1150
1152	M	1151
1153	M	1152
1154	F	1153
1155	M	1154
1156	F	1155
1157	M	1156
1158	F	1157
1159	M	1158
1160	M	1159
1161	M	1160
1162	F	1161
1163	M	1162
1164	F	1163
1165	M	1164
1166	M	1165
1167	F	1166
1168	F	1167
1169	M	1168
1170	M	1169
1171	M	1170
1172	F	1171
1173	F	1172
1174	F	1173
1175	F	1174
1176	M	1175
1177	F	1176
1178	M	1177
1179	M	1178
1180	F	1179
1181	M	1180
1182	M	1181
1183	M	1182
1184	F	1183
1185	F	1184
1186	M	1185
1187	F	1186
1188	M	1187
1189	M	1188
1190	M	1189
1191	F	1190
1192	M	1191
1193	M	1192
1194	F	1193
1195	F	1194
1196	F	1195
1197	M	1196
1198	M	1197
1199	M	1198
1200	M	1199
1201	M	1200
1202	M	1201
1203	F	1202
1204	M	1203
1205	F	1204
1206	F	1205
1207	M	1206
1208	M	1207
1209	M	1208
1210	M	1209
1211	M	1210
1212	F	1211
1213	M	1212
1214	M	1213
1215	M	1214
1216	M	1215
1217	M	1216
1218	M	1217
1219	M	1218
1220	M	1219
1221	M	1220
1222	M	1221
1223	M	1222
1224	M	1223
1225	M	1224
1226	M	1225
1227	M	1226
1228	M	1227
1229	F	1228
1230	M	1229
1231	M	1230
1232	F	1231
1233	F	1232
1234	M	1233
1235	F	1234
1236	F	1235
1237	M	1236
1238	F	1237
1239	F	1238
1240	F	1239
1241	M	1240
1242	F	1241
1243	M	1242
1244	M	1243
1245	M	1244
1246	M	1245
1247	M	1246
1248	F	1247
1249	M	1248
1250	M	1249
1251	M	1250
1252	M	1251
1253	F	1252
1254	F	1253
1255	M	1254
1256	M	1255
1257	F	1256
1258	M	1257
1259	M	1258
1260	M	1259
1261	M	1260
1262	M	1261
1263	M	1262
1264	M	1263
1265	F	1264
1266	M	1265
1267	M	1266
1268	M	1267
1269	F	1268
1270	M	1269
1271	F	1270
1272	M	1271
1273	M	1272
1274	M	1273
1275	M	1274
1276	M	1275
1277	F	1276
1278	M	1277
1279	M	1278
1280	M	1279
1281	M	1280
1282	M	1281
1283	F	1282
1284	M	1283
1285	M	1284
1286	M	1285
1287	F	1286
1288	F	1287
1289	M	1288
1290	M	1289
1291	F	1290
1292	M	1291
1293	M	1292
1294	F	1293
1295	F	1294
1296	M	1295
1297	M	1296
1298	M	1297
1299	M	1298
1300	M	1299
1301	F	1300
1302	M	1301
1303	M	1302
1304	M	1303
1305	M	1304
1306	M	1305
1307	M	1306
1308	M	1307
1309	M	1308
1310	M	1309
1311	M	1310
1312	M	1311
1313	M	1312
1314	F	1313
1315	M	1314
1316	M	1315
1317	M	1316
1318	M	1317
1319	F	1318
1320	M	1319
1321	F	1320
1322	M	1321
1323	F	1322
1324	M	1323
1325	M	1324
1326	F	1325
1327	M	1326
1328	M	1327
1329	M	1328
1330	M	1329
1331	M	1330
1332	M	1331
1333	M	1332
1334	M	1333
1335	M	1334
1336	F	1335
1337	M	1336
1338	M	1337
1339	M	1338
1340	M	1339
1341	M	1340
1342	M	1341
1343	M	1342
1344	F	1343
1345	F	1344
1346	M	1345
1347	F	1346
1348	F	1347
1349	M	1348
1350	F	1349
1351	F	1350
1352	M	1351
1353	M	1352
1354	F	1353
1355	F	1354
1356	F	1355
1357	M	1356
1358	M	1357
1359	M	1358
1360	M	1359
1361	F	1360
1362	M	1361
1363	M	1362
1364	F	1363
1365	F	1364
1366	M	1365
1367	M	1366
1368	F	1367
1369	M	1368
1370	M	1369
1371	F	1370
1372	M	1371
1373	F	1372
1374	M	1373
1375	F	1374
1376	F	1375
1377	M	1376
1378	F	1377
1379	F	1378
1380	M	1379
1381	M	1380
1382	F	1381
1383	F	1382
1384	M	1383
1385	F	1384
1386	F	1385
1387	F	1386
1388	M	1387
1389	M	1388
1390	M	1389
1391	M	1390
1392	M	1391
1393	M	1392
1394	F	1393
1395	M	1394
1396	F	1395
1397	M	1396
1398	F	1397
1399	M	1398
1400	M	1399
1401	F	1400
1402	M	1401
1403	F	1402
1404	M	1403
1405	M	1404
1406	M	1405
1407	F	1406
1408	M	1407
1409	M	1408
1410	M	1409
1411	M	1410
1412	M	1411
1413	M	1412
1414	M	1413
1415	M	1414
1416	M	1415
1417	M	1416
1418	M	1417
1419	F	1418
1420	M	1419
1421	F	1420
1422	M	1421
1423	M	1422
1424	M	1423
1425	M	1424
1426	M	1425
1427	M	1426
1428	F	1427
1429	F	1428
1430	M	1429
1431	M	1430
1432	M	1431
1433	F	1432
1434	F	1433
1435	M	1434
1436	F	1435
1437	M	1436
1438	M	1437
1439	M	1438
1440	M	1439
1441	M	1440
1442	M	1441
1443	M	1442
1444	F	1443
1445	M	1444
1446	M	1445
1447	M	1446
1448	F	1447
1449	M	1448
1450	M	1449
1451	M	1450
1452	F	1451
1453	M	1452
1454	M	1453
1455	F	1454
1456	M	1455
1457	M	1456
1458	M	1457
1459	F	1458
1460	F	1459
1461	F	1460
1462	M	1461
1463	M	1462
1464	M	1463
1465	M	1464
1466	M	1465
1467	M	1466
1468	M	1467
1469	M	1468
1470	M	1469
1471	M	1470
1472	M	1471
1473	M	1472
1474	M	1473
1475	F	1474
1476	F	1475
1477	F	1476
1478	M	1477
1479	F	1478
1480	M	1479
1481	M	1480
1482	M	1481
1483	M	1482
1484	M	1483
1485	F	1484
1486	M	1485
1487	M	1486
1488	M	1487
1489	F	1488
1490	M	1489
1491	M	1490
1492	M	1491
1493	F	1492
1494	M	1493
1495	M	1494
1496	M	1495
1497	M	1496
1498	M	1497
1499	M	1498
1500	M	1499
1501	M	1500
1502	M	1501
1503	M	1502
1504	M	1503
1505	M	1504
1506	M	1505
1507	M	1506
1508	F	1507
1509	M	1508
1510	F	1509
1511	M	1510
1512	M	1511
1513	F	1512
1514	M	1513
1515	M	1514
1516	F	1515
1517	M	1516
1518	M	1517
1519	M	1518
1520	M	1519
1521	F	1520
1522	M	1521
1523	M	1522
1524	M	1523
1525	F	1524
1526	M	1525
1527	M	1526
1528	M	1527
1529	M	1528
1530	M	1529
1531	M	1530
1532	M	1531
1533	M	1532
1534	M	1533
1535	F	1534
1536	F	1535
1537	M	1536
1538	M	1537
1539	M	1538
1540	M	1539
1541	M	1540
1542	M	1541
1543	M	1542
1544	M	1543
1545	M	1544
1546	M	1545
1547	M	1546
1548	M	1547
1549	M	1548
1550	M	1549
1551	M	1550
1552	M	1551
1553	F	1552
1554	F	1553
1555	F	1554
1556	M	1555
1557	F	1556
1558	M	1557
1559	M	1558
1560	F	1559
1561	F	1560
1562	M	1561
1563	F	1562
1564	M	1563
1565	M	1564
1566	M	1565
1567	M	1566
1568	F	1567
1569	F	1568
1570	M	1569
1571	M	1570
1572	F	1571
1573	M	1572
1574	M	1573
1575	F	1574
1576	F	1575
1577	M	1576
1578	M	1577
1579	M	1578
1580	F	1579
1581	F	1580
1582	M	1581
1583	M	1582
1584	M	1583
1585	M	1584
1586	M	1585
1587	F	1586
1588	M	1587
1589	M	1588
1590	M	1589
1591	M	1590
1592	M	1591
1593	M	1592
1594	F	1593
1595	M	1594
1596	F	1595
1597	M	1596
1598	M	1597
1599	M	1598
1600	M	1599
1601	M	1600
1602	F	1601
1603	F	1602
1604	M	1603
1605	F	1604
1606	F	1605
1607	M	1606
1608	M	1607
1609	F	1608
1610	M	1609
1611	M	1610
1612	M	1611
1613	M	1612
1614	M	1613
1615	F	1614
1616	M	1615
1617	M	1616
1618	M	1617
1619	M	1618
1620	M	1619
1621	M	1620
1622	M	1621
1623	M	1622
1624	M	1623
1625	M	1624
1626	M	1625
1627	M	1626
1628	M	1627
1629	M	1628
1630	M	1629
1631	F	1630
1632	M	1631
1633	F	1632
1634	F	1633
1635	M	1634
1636	F	1635
1637	M	1636
1638	F	1637
1639	M	1638
1640	M	1639
1641	M	1640
1642	M	1641
1643	M	1642
1644	M	1643
1645	F	1644
1646	M	1645
1647	M	1646
1648	M	1647
1649	M	1648
1650	M	1649
1651	M	1650
1652	M	1651
1653	M	1652
1654	F	1653
1655	M	1654
1656	M	1655
1657	F	1656
1658	F	1657
1659	F	1658
1660	F	1659
1661	M	1660
1662	M	1661
1663	M	1662
1664	F	1663
1665	M	1664
1666	M	1665
1667	M	1666
1668	M	1667
1669	F	1668
1670	F	1669
1671	M	1670
1672	M	1671
1673	M	1672
1674	M	1673
1675	F	1674
1676	M	1675
1677	M	1676
1678	F	1677
1679	M	1678
1680	M	1679
1681	M	1680
1682	M	1681
1683	F	1682
1684	M	1683
1685	M	1684
1686	M	1685
1687	M	1686
1688	F	1687
1689	M	1688
1690	M	1689
1691	F	1690
1692	M	1691
1693	M	1692
1694	M	1693
1695	M	1694
1696	M	1695
1697	F	1696
1698	M	1697
1699	F	1698
1700	M	1699
1701	F	1700
1702	M	1701
1703	M	1702
1704	M	1703
1705	F	1704
1706	M	1705
1707	M	1706
1708	M	1707
1709	M	1708
1710	M	1709
1711	F	1710
1712	M	1711
1713	M	1712
1714	M	1713
1715	M	1714
1716	M	1715
1717	F	1716
1718	M	1717
1719	M	1718
1720	M	1719
1721	M	1720
1722	M	1721
1723	M	1722
1724	M	1723
1725	M	1724
1726	M	1725
1727	M	1726
1728	M	1727
1729	M	1728
1730	F	1729
1731	F	1730
1732	M	1731
1733	M	1732
1734	M	1733
1735	M	1734
1736	M	1735
1737	M	1736
1738	M	1737
1739	M	1738
1740	M	1739
1741	M	1740
1742	M	1741
1743	M	1742
1744	M	1743
1745	M	1744
1746	M	1745
1747	M	1746
1748	M	1747
1749	M	1748
1750	M	1749
1751	M	1750
1752	M	1751
1753	M	1752
1754	M	1753
1755	F	1754
1756	F	1755
1757	M	1756
1758	F	1757
1759	M	1758
1760	F	1759
1761	M	1760
1762	M	1761
1763	M	1762
1764	M	1763
1765	M	1764
1766	F	1765
1767	M	1766
1768	M	1767
1769	M	1768
1770	M	1769
1771	M	1770
1772	M	1771
1773	M	1772
1774	M	1773
1775	M	1774
1776	M	1775
1777	M	1776
1778	M	1777
1779	M	1778
1780	M	1779
1781	F	1780
1782	M	1781
1783	M	1782
1784	M	1783
1785	M	1784
1786	M	1785
1787	M	1786
1788	M	1787
1789	M	1788
1790	M	1789
1791	M	1790
1792	F	1791
1793	M	1792
1794	M	1793
1795	M	1794
1796	M	1795
1797	M	1796
1798	M	1797
1799	M	1798
1800	M	1799
1801	F	1800
1802	M	1801
1803	M	1802
1804	M	1803
1805	M	1804
1806	M	1805
1807	M	1806
1808	F	1807
1809	F	1808
1810	M	1809
1811	M	1810
1812	F	1811
1813	F	1812
1814	M	1813
1815	M	1814
1816	F	1815
1817	M	1816
1818	M	1817
1819	F	1818
1820	M	1819
1821	M	1820
1822	F	1821
1823	F	1822
1824	F	1823
1825	M	1824
1826	M	1825
1827	F	1826
1828	M	1827
1829	M	1828
1830	M	1829
1831	M	1830
1832	F	1831
1833	M	1832
1834	M	1833
1835	M	1834
1836	M	1835
1837	M	1836
1838	M	1837
1839	M	1838
1840	M	1839
1841	M	1840
1842	M	1841
1843	M	1842
1844	F	1843
1845	M	1844
1846	M	1845
1847	M	1846
1848	M	1847
1849	M	1848
1850	M	1849
1851	M	1850
1852	M	1851
1853	M	1852
1854	M	1853
1855	M	1854
1856	M	1855
1857	M	1856
1858	F	1857
1859	F	1858
1860	M	1859
1861	M	1860
1862	M	1861
1863	M	1862
1864	M	1863
1865	F	1864
1866	M	1865
1867	M	1866
1868	M	1867
1869	M	1868
1870	M	1869
1871	F	1870
1872	M	1871
1873	M	1872
1874	M	1873
1875	M	1874
1876	M	1875
1877	F	1876
1878	M	1877
1879	M	1878
1880	M	1879
1881	M	1880
1882	M	1881
1883	F	1882
1884	M	1883
1885	M	1884
1886	M	1885
1887	M	1886
1888	M	1887
1889	M	1888
1890	M	1889
1891	M	1890
1892	M	1891
1893	F	1892
1894	F	1893
1895	M	1894
1896	M	1895
1897	F	1896
1898	M	1897
1899	F	1898
1900	M	1899
1901	M	1900
1902	M	1901
1903	M	1902
1904	M	1903
1905	F	1904
1906	F	1905
1907	M	1906
1908	M	1907
1909	M	1908
1910	M	1909
1911	F	1910
1912	M	1911
1913	M	1912
1914	F	1913
1915	M	1914
1916	M	1915
1917	M	1916
1918	F	1917
1919	M	1918
1920	F	1919
1921	M	1920
1922	F	1921
1923	M	1922
1924	F	1923
1925	M	1924
1926	F	1925
1927	M	1926
1928	M	1927
1929	F	1928
1930	M	1929
1931	M	1930
1932	M	1931
1933	M	1932
1934	M	1933
1935	M	1934
1936	M	1935
1937	M	1936
1938	F	1937
1939	F	1938
1940	M	1939
1941	M	1940
1942	M	1941
1943	M	1942
1944	F	1943
1945	M	1944
1946	M	1945
1947	M	1946
1948	M	1947
1949	M	1948
1950	M	1949
1951	F	1950
1952	M	1951
1953	F	1952
1954	M	1953
1955	M	1954
1956	M	1955
1957	F	1956
1958	F	1957
1959	F	1958
1960	M	1959
1961	F	1960
1962	F	1961
1963	F	1962
1964	F	1963
1965	M	1964
1966	M	1965
1967	M	1966
1968	M	1967
1969	F	1968
1970	M	1969
1971	F	1970
1972	M	1971
1973	M	1972
1974	M	1973
1975	M	1974
1976	M	1975
1977	M	1976
1978	M	1977
1979	M	1978
1980	M	1979
1981	M	1980
1982	M	1981
1983	M	1982
1984	M	1983
1985	M	1984
1986	M	1985
1987	M	1986
1988	F	1987
1989	M	1988
1990	M	1989
1991	M	1990
1992	M	1991
1993	M	1992
1994	M	1993
1995	M	1994
1996	M	1995
1997	M	1996
1998	F	1997
1999	F	1998
2000	M	1999
2001	M	2000
2002	F	2001
2003	M	2002
2004	M	2003
2005	M	2004
2006	M	2005
2007	M	2006
2008	M	2007
2009	F	2008
2010	M	2009
2011	F	2010
2012	M	2011
2013	M	2012
2014	M	2013
2015	M	2014
2016	F	2015
2017	M	2016
2018	M	2017
2019	M	2018
2020	M	2019
2021	M	2020
2022	M	2021
2023	M	2022
2024	M	2023
2025	M	2024
2026	M	2025
2027	F	2026
2028	M	2027
2029	F	2028
2030	M	2029
2031	M	2030
2032	M	2031
2033	F	2032
2034	F	2033
2035	F	2034
2036	F	2035
2037	M	2036
2038	F	2037
2039	M	2038
2040	F	2039
2041	F	2040
2042	M	2041
2043	M	2042
2044	F	2043
2045	F	2044
2046	M	2045
2047	M	2046
2048	M	2047
2049	F	2048
2050	F	2049
2051	M	2050
2052	M	2051
2053	M	2052
2054	M	2053
2055	M	2054
2056	M	2055
2057	M	2056
2058	F	2057
2059	M	2058
2060	M	2059
2061	M	2060
2062	M	2061
2063	M	2062
2064	M	2063
2065	M	2064
2066	F	2065
2067	M	2066
2068	F	2067
2069	M	2068
2070	F	2069
2071	M	2070
2072	F	2071
2073	F	2072
2074	M	2073
2075	F	2074
2076	M	2075
2077	M	2076
2078	M	2077
2079	M	2078
2080	M	2079
2081	M	2080
2082	M	2081
2083	M	2082
2084	M	2083
2085	M	2084
2086	M	2085
2087	M	2086
2088	M	2087
2089	M	2088
2090	M	2089
2091	F	2090
2092	M	2091
2093	M	2092
2094	M	2093
2095	M	2094
2096	F	2095
2097	M	2096
2098	M	2097
2099	F	2098
2100	F	2099
2101	M	2100
2102	M	2101
2103	M	2102
2104	M	2103
2105	M	2104
2106	F	2105
2107	M	2106
2108	M	2107
2109	M	2108
2110	M	2109
2111	M	2110
2112	F	2111
2113	M	2112
2114	M	2113
2115	M	2114
2116	M	2115
2117	M	2116
2118	M	2117
2119	M	2118
2120	M	2119
2121	M	2120
2122	M	2121
2123	F	2122
2124	M	2123
2125	M	2124
2126	M	2125
2127	M	2126
2128	F	2127
2129	M	2128
2130	M	2129
2131	M	2130
2132	M	2131
2133	F	2132
2134	M	2133
2135	M	2134
2136	M	2135
2137	F	2136
2138	F	2137
2139	F	2138
2140	M	2139
2141	F	2140
2142	F	2141
2143	M	2142
2144	M	2143
2145	M	2144
2146	M	2145
2147	F	2146
2148	F	2147
2149	M	2148
2150	F	2149
2151	M	2150
2152	M	2151
2153	M	2152
2154	M	2153
2155	F	2154
2156	M	2155
2157	F	2156
2158	M	2157
2159	F	2158
2160	F	2159
2161	F	2160
2162	F	2161
2163	M	2162
2164	M	2163
2165	M	2164
2166	M	2165
2167	F	2166
2168	M	2167
2169	M	2168
2170	F	2169
2171	M	2170
2172	M	2171
2173	M	2172
2174	M	2173
2175	M	2174
2176	M	2175
2177	F	2176
2178	M	2177
2179	F	2178
2180	M	2179
2181	M	2180
2182	F	2181
2183	F	2182
2184	M	2183
2185	M	2184
2186	M	2185
2187	M	2186
2188	F	2187
2189	M	2188
2190	F	2189
2191	M	2190
2192	F	2191
2193	M	2192
2194	M	2193
2195	M	2194
2196	M	2195
2197	F	2196
2198	F	2197
2199	M	2198
2200	M	2199
2201	M	2200
2202	F	2201
2203	M	2202
2204	M	2203
2205	F	2204
2206	M	2205
2207	M	2206
2208	M	2207
2209	M	2208
2210	M	2209
2211	M	2210
2212	M	2211
2213	F	2212
2214	F	2213
2215	F	2214
2216	F	2215
2217	M	2216
2218	M	2217
2219	M	2218
2220	F	2219
2221	M	2220
2222	F	2221
2223	M	2222
2224	M	2223
2225	M	2224
2226	F	2225
2227	M	2226
2228	M	2227
2229	M	2228
2230	F	2229
2231	M	2230
2232	M	2231
2233	F	2232
2234	M	2233
2235	M	2234
2236	M	2235
2237	F	2236
2238	F	2237
2239	M	2238
2240	M	2239
2241	M	2240
2242	M	2241
2243	M	2242
2244	M	2243
2245	M	2244
2246	M	2245
2247	M	2246
2248	F	2247
2249	M	2248
2250	M	2249
2251	M	2250
2252	F	2251
2253	F	2252
2254	M	2253
2255	F	2254
2256	F	2255
2257	F	2256
2258	F	2257
2259	F	2258
2260	F	2259
2261	M	2260
2262	M	2261
2263	M	2262
2264	F	2263
2265	M	2264
2266	F	2265
2267	F	2266
2268	F	2267
2269	F	2268
2270	M	2269
2271	M	2270
2272	M	2271
2273	M	2272
2274	M	2273
2275	M	2274
2276	M	2275
2277	F	2276
2278	M	2277
2279	M	2278
2280	M	2279
2281	M	2280
2282	M	2281
2283	M	2282
2284	M	2283
2285	F	2284
2286	M	2285
2287	M	2286
2288	M	2287
2289	F	2288
2290	M	2289
2291	M	2290
2292	M	2291
2293	F	2292
2294	M	2293
2295	M	2294
2296	F	2295
2297	M	2296
2298	M	2297
2299	F	2298
2300	M	2299
2301	F	2300
2302	M	2301
2303	M	2302
2304	M	2303
2305	M	2304
2306	F	2305
2307	M	2306
2308	F	2307
2309	F	2308
2310	M	2309
2311	F	2310
2312	M	2311
2313	F	2312
2314	F	2313
2315	M	2314
2316	M	2315
2317	F	2316
2318	M	2317
2319	M	2318
2320	F	2319
2321	M	2320
2322	F	2321
2323	M	2322
2324	M	2323
2325	F	2324
2326	M	2325
2327	M	2326
2328	M	2327
2329	F	2328
2330	M	2329
2331	M	2330
2332	M	2331
2333	M	2332
2334	F	2333
2335	M	2334
2336	M	2335
2337	M	2336
2338	M	2337
2339	F	2338
2340	M	2339
2341	M	2340
2342	M	2341
2343	F	2342
2344	M	2343
2345	M	2344
2346	F	2345
2347	M	2346
2348	M	2347
2349	M	2348
2350	M	2349
2351	F	2350
2352	M	2351
2353	F	2352
2354	M	2353
2355	F	2354
2356	F	2355
2357	F	2356
2358	F	2357
2359	M	2358
2360	M	2359
2361	M	2360
2362	M	2361
2363	M	2362
2364	F	2363
2365	M	2364
2366	F	2365
2367	F	2366
2368	F	2367
2369	M	2368
2370	M	2369
2371	F	2370
2372	F	2371
2373	M	2372
2374	M	2373
2375	F	2374
2376	M	2375
2377	M	2376
2378	M	2377
2379	M	2378
2380	M	2379
2381	F	2380
2382	M	2381
2383	F	2382
2384	M	2383
2385	F	2384
2386	F	2385
2387	M	2386
2388	M	2387
2389	M	2388
2390	F	2389
2391	M	2390
2392	F	2391
2393	M	2392
2394	M	2393
2395	M	2394
2396	F	2395
2397	F	2396
2398	M	2397
2399	M	2398
2400	F	2399
2401	M	2400
2402	M	2401
2403	M	2402
2404	M	2403
2405	M	2404
2406	F	2405
2407	M	2406
2408	F	2407
2409	F	2408
2410	M	2409
2411	F	2410
2412	M	2411
2413	F	2412
2414	M	2413
2415	M	2414
2416	M	2415
2417	M	2416
2418	F	2417
2419	M	2418
2420	M	2419
2421	M	2420
2422	F	2421
2423	F	2422
2424	M	2423
2425	F	2424
2426	M	2425
2427	F	2426
2428	M	2427
2429	M	2428
2430	M	2429
2431	F	2430
2432	M	2431
2433	M	2432
2434	M	2433
2435	M	2434
2436	M	2435
2437	M	2436
2438	M	2437
2439	M	2438
2440	M	2439
2441	F	2440
2442	M	2441
2443	F	2442
2444	F	2443
2445	M	2444
2446	M	2445
2447	M	2446
2448	M	2447
2449	M	2448
2450	M	2449
2451	M	2450
2452	M	2451
2453	M	2452
2454	M	2453
2455	M	2454
2456	M	2455
2457	M	2456
2458	M	2457
2459	M	2458
2460	F	2459
2461	M	2460
2462	M	2461
2463	M	2462
2464	F	2463
2465	M	2464
2466	M	2465
2467	M	2466
2468	M	2467
2469	M	2468
2470	M	2469
2471	M	2470
2472	M	2471
2473	M	2472
2474	M	2473
2475	F	2474
2476	M	2475
2477	M	2476
2478	M	2477
2479	F	2478
2480	F	2479
2481	M	2480
2482	F	2481
2483	M	2482
2484	M	2483
2485	M	2484
2486	M	2485
2487	M	2486
2488	F	2487
2489	F	2488
2490	M	2489
2491	M	2490
2492	F	2491
2493	M	2492
2494	M	2493
2495	F	2494
2496	M	2495
2497	F	2496
2498	M	2497
2499	M	2498
2500	M	2499
2501	M	2500
2502	M	2501
2503	M	2502
2504	M	2503
2505	M	2504
2506	F	2505
2507	M	2506
2508	F	2507
2509	M	2508
2510	M	2509
2511	M	2510
2512	F	2511
2513	M	2512
2514	M	2513
2515	M	2514
2516	F	2515
2517	F	2516
2518	M	2517
2519	F	2518
2520	F	2519
2521	M	2520
2522	M	2521
2523	M	2522
2524	F	2523
2525	F	2524
2526	M	2525
2527	M	2526
2528	M	2527
2529	F	2528
2530	M	2529
2531	F	2530
2532	F	2531
2533	F	2532
2534	F	2533
2535	F	2534
2536	M	2535
2537	M	2536
2538	M	2537
2539	M	2538
2540	F	2539
2541	F	2540
2542	F	2541
2543	F	2542
2544	M	2543
2545	M	2544
2546	F	2545
2547	F	2546
2548	F	2547
2549	M	2548
2550	M	2549
2551	M	2550
2552	F	2551
2553	M	2552
2554	M	2553
2555	M	2554
2556	M	2555
2557	F	2556
2558	M	2557
2559	M	2558
2560	F	2559
2561	M	2560
2562	M	2561
2563	M	2562
2564	F	2563
2565	M	2564
2566	M	2565
2567	M	2566
2568	M	2567
2569	M	2568
2570	F	2569
2571	M	2570
2572	M	2571
2573	M	2572
2574	M	2573
2575	M	2574
2576	M	2575
2577	M	2576
2578	M	2577
2579	M	2578
2580	F	2579
2581	M	2580
2582	F	2581
2583	M	2582
2584	F	2583
2585	M	2584
2586	M	2585
2587	M	2586
2588	F	2587
2589	M	2588
2590	M	2589
2591	M	2590
2592	M	2591
2593	M	2592
2594	M	2593
2595	M	2594
2596	M	2595
2597	F	2596
2598	M	2597
2599	M	2598
2600	M	2599
2601	M	2600
2602	M	2601
2603	M	2602
2604	M	2603
2605	M	2604
2606	M	2605
2607	F	2606
2608	F	2607
2609	F	2608
2610	M	2609
2611	M	2610
2612	F	2611
2613	M	2612
2614	M	2613
2615	M	2614
2616	M	2615
2617	F	2616
2618	F	2617
2619	M	2618
2620	M	2619
2621	M	2620
2622	F	2621
2623	M	2622
2624	F	2623
2625	M	2624
2626	M	2625
2627	M	2626
2628	F	2627
2629	M	2628
2630	F	2629
2631	F	2630
2632	M	2631
2633	F	2632
2634	M	2633
2635	M	2634
2636	M	2635
2637	F	2636
2638	M	2637
2639	F	2638
2640	M	2639
2641	M	2640
2642	M	2641
2643	M	2642
2644	M	2643
2645	M	2644
2646	M	2645
2647	F	2646
2648	M	2647
2649	M	2648
2650	M	2649
2651	M	2650
2652	M	2651
2653	M	2652
2654	F	2653
2655	M	2654
2656	M	2655
2657	F	2656
2658	M	2657
2659	M	2658
2660	M	2659
2661	M	2660
2662	M	2661
2663	F	2662
2664	M	2663
2665	M	2664
2666	M	2665
2667	F	2666
2668	F	2667
2669	M	2668
2670	M	2669
2671	F	2670
2672	M	2671
2673	M	2672
2674	M	2673
2675	M	2674
2676	M	2675
2677	F	2676
2678	M	2677
2679	F	2678
2680	M	2679
2681	F	2680
2682	M	2681
2683	M	2682
2684	F	2683
2685	M	2684
2686	M	2685
2687	M	2686
2688	M	2687
2689	M	2688
2690	M	2689
2691	M	2690
2692	F	2691
2693	M	2692
2694	M	2693
2695	M	2694
2696	M	2695
2697	F	2696
2698	F	2697
2699	F	2698
2700	M	2699
2701	M	2700
2702	M	2701
2703	M	2702
2704	M	2703
2705	M	2704
2706	F	2705
2707	M	2706
2708	M	2707
2709	F	2708
2710	M	2709
2711	F	2710
2712	F	2711
2713	M	2712
2714	M	2713
2715	F	2714
2716	F	2715
2717	M	2716
2718	F	2717
2719	M	2718
2720	M	2719
2721	M	2720
2722	M	2721
2723	F	2722
2724	F	2723
2725	M	2724
2726	M	2725
2727	M	2726
2728	M	2727
2729	M	2728
2730	M	2729
2731	M	2730
2732	M	2731
2733	M	2732
2734	F	2733
2735	M	2734
2736	M	2735
2737	M	2736
2738	F	2737
2739	F	2738
2740	M	2739
2741	M	2740
2742	M	2741
2743	M	2742
2744	M	2743
2745	F	2744
2746	M	2745
2747	F	2746
2748	M	2747
2749	M	2748
2750	F	2749
2751	F	2750
2752	M	2751
2753	F	2752
2754	M	2753
2755	M	2754
2756	M	2755
2757	M	2756
2758	M	2757
2759	M	2758
2760	M	2759
2761	M	2760
2762	M	2761
2763	F	2762
2764	M	2763
2765	M	2764
2766	M	2765
2767	M	2766
2768	M	2767
2769	M	2768
2770	M	2769
2771	M	2770
2772	M	2771
2773	M	2772
2774	M	2773
2775	F	2774
2776	M	2775
2777	M	2776
2778	M	2777
2779	M	2778
2780	M	2779
2781	M	2780
2782	F	2781
2783	M	2782
2784	M	2783
2785	M	2784
2786	M	2785
2787	M	2786
2788	M	2787
2789	M	2788
2790	M	2789
2791	M	2790
2792	M	2791
2793	M	2792
2794	M	2793
2795	M	2794
2796	M	2795
2797	F	2796
2798	M	2797
2799	M	2798
2800	F	2799
2801	F	2800
2802	M	2801
2803	M	2802
2804	F	2803
2805	M	2804
2806	M	2805
2807	F	2806
2808	M	2807
2809	M	2808
2810	F	2809
2811	M	2810
2812	M	2811
2813	M	2812
2814	M	2813
2815	M	2814
2816	M	2815
2817	M	2816
2818	M	2817
2819	M	2818
2820	F	2819
2821	M	2820
2822	M	2821
2823	M	2822
2824	M	2823
2825	F	2824
2826	M	2825
2827	M	2826
2828	M	2827
2829	M	2828
2830	M	2829
2831	M	2830
2832	M	2831
2833	M	2832
2834	M	2833
2835	M	2834
2836	M	2835
2837	M	2836
2838	M	2837
2839	M	2838
2840	M	2839
2841	M	2840
2842	M	2841
2843	F	2842
2844	M	2843
2845	M	2844
2846	F	2845
2847	M	2846
2848	M	2847
2849	M	2848
2850	M	2849
2851	F	2850
2852	M	2851
2853	M	2852
2854	F	2853
2855	M	2854
2856	M	2855
2857	M	2856
2858	F	2857
2859	M	2858
2860	M	2859
2861	M	2860
2862	M	2861
2863	F	2862
2864	F	2863
2865	F	2864
2866	M	2865
2867	M	2866
2868	M	2867
2869	M	2868
2870	M	2869
2871	F	2870
2872	M	2871
2873	F	2872
2874	F	2873
2875	M	2874
2876	M	2875
2877	M	2876
2878	F	2877
2879	M	2878
2880	M	2879
2881	F	2880
2882	M	2881
2883	M	2882
2884	F	2883
2885	F	2884
2886	M	2885
2887	M	2886
2888	M	2887
2889	M	2888
2890	M	2889
2891	F	2890
2892	M	2891
2893	M	2892
2894	M	2893
2895	M	2894
2896	M	2895
2897	M	2896
2898	M	2897
2899	M	2898
2900	M	2899
2901	M	2900
2902	M	2901
2903	M	2902
2904	M	2903
2905	M	2904
2906	M	2905
2907	F	2906
2908	M	2907
2909	M	2908
2910	M	2909
2911	F	2910
2912	F	2911
2913	F	2912
2914	M	2913
2915	M	2914
2916	M	2915
2917	M	2916
2918	M	2917
2919	M	2918
2920	M	2919
2921	M	2920
2922	M	2921
2923	M	2922
2924	F	2923
2925	F	2924
2926	F	2925
2927	M	2926
2928	M	2927
2929	M	2928
2930	M	2929
2931	M	2930
2932	M	2931
2933	M	2932
2934	F	2933
2935	M	2934
2936	F	2935
2937	F	2936
2938	F	2937
2939	F	2938
2940	M	2939
2941	M	2940
2942	F	2941
2943	M	2942
2944	F	2943
2945	F	2944
2946	M	2945
2947	F	2946
2948	M	2947
2949	M	2948
2950	M	2949
2951	F	2950
2952	M	2951
2953	M	2952
2954	M	2953
2955	M	2954
2956	M	2955
2957	M	2956
2958	M	2957
2959	M	2958
2960	M	2959
2961	M	2960
2962	M	2961
2963	F	2962
2964	M	2963
2965	F	2964
2966	F	2965
2967	M	2966
2968	F	2967
2969	M	2968
2970	M	2969
2971	M	2970
2972	M	2971
2973	F	2972
2974	M	2973
2975	M	2974
2976	M	2975
2977	F	2976
2978	M	2977
2979	M	2978
2980	M	2979
2981	M	2980
2982	M	2981
2983	M	2982
2984	M	2983
2985	M	2984
2986	M	2985
2987	M	2986
2988	F	2987
2989	M	2988
2990	M	2989
2991	M	2990
2992	M	2991
2993	M	2992
2994	M	2993
2995	M	2994
2996	M	2995
2997	F	2996
2998	F	2997
2999	M	2998
3000	M	2999
3001	M	3000
3002	M	3001
3003	M	3002
3004	F	3003
3005	M	3004
3006	M	3005
3007	M	3006
3008	M	3007
3009	F	3008
3010	M	3009
3011	M	3010
3012	M	3011
3013	M	3012
3014	M	3013
3015	M	3014
3016	M	3015
3017	F	3016
3018	M	3017
3019	M	3018
3020	F	3019
3021	F	3020
3022	M	3021
3023	F	3022
3024	M	3023
3025	F	3024
3026	F	3025
3027	M	3026
3028	M	3027
3029	M	3028
3030	M	3029
3031	M	3030
3032	M	3031
3033	M	3032
3034	F	3033
3035	F	3034
3036	M	3035
3037	F	3036
3038	F	3037
3039	F	3038
3040	M	3039
3041	M	3040
3042	M	3041
3043	M	3042
3044	M	3043
3045	M	3044
3046	M	3045
3047	F	3046
3048	M	3047
3049	F	3048
3050	M	3049
3051	M	3050
3052	M	3051
3053	F	3052
3054	M	3053
3055	F	3054
3056	M	3055
3057	F	3056
3058	M	3057
3059	M	3058
3060	F	3059
3061	M	3060
3062	M	3061
3063	M	3062
3064	M	3063
3065	F	3064
3066	M	3065
3067	F	3066
3068	F	3067
3069	M	3068
3070	F	3069
3071	M	3070
3072	M	3071
3073	M	3072
3074	M	3073
3075	F	3074
3076	M	3075
3077	M	3076
3078	F	3077
3079	F	3078
3080	M	3079
3081	M	3080
3082	F	3081
3083	F	3082
3084	M	3083
3085	M	3084
3086	M	3085
3087	F	3086
3088	F	3087
3089	M	3088
3090	M	3089
3091	F	3090
3092	M	3091
3093	F	3092
3094	M	3093
3095	F	3094
3096	F	3095
3097	F	3096
3098	M	3097
3099	M	3098
3100	F	3099
3101	M	3100
3102	M	3101
3103	M	3102
3104	M	3103
3105	M	3104
3106	M	3105
3107	M	3106
3108	M	3107
3109	F	3108
3110	M	3109
3111	M	3110
3112	M	3111
3113	M	3112
3114	M	3113
3115	M	3114
3116	M	3115
3117	M	3116
3118	M	3117
3119	M	3118
3120	M	3119
3121	M	3120
3122	F	3121
3123	M	3122
3124	M	3123
3125	M	3124
3126	M	3125
3127	F	3126
3128	M	3127
3129	M	3128
3130	M	3129
3131	F	3130
3132	M	3131
3133	M	3132
3134	M	3133
3135	M	3134
3136	F	3135
3137	M	3136
3138	M	3137
3139	M	3138
3140	F	3139
3141	M	3140
3142	M	3141
3143	F	3142
3144	F	3143
3145	M	3144
3146	M	3145
3147	M	3146
3148	M	3147
3149	M	3148
3150	F	3149
3151	F	3150
3152	M	3151
3153	F	3152
3154	F	3153
3155	M	3154
3156	M	3155
3157	M	3156
3158	M	3157
3159	F	3158
3160	M	3159
3161	M	3160
3162	M	3161
3163	M	3162
3164	M	3163
3165	M	3164
3166	M	3165
3167	M	3166
3168	F	3167
3169	M	3168
3170	M	3169
3171	F	3170
3172	M	3171
3173	M	3172
3174	F	3173
3175	M	3174
3176	M	3175
3177	F	3176
3178	F	3177
3179	F	3178
3180	M	3179
3181	M	3180
3182	M	3181
3183	M	3182
3184	F	3183
3185	M	3184
3186	M	3185
3187	M	3186
3188	M	3187
3189	M	3188
3190	M	3189
3191	M	3190
3192	M	3191
3193	M	3192
3194	M	3193
3195	M	3194
3196	F	3195
3197	F	3196
3198	M	3197
3199	M	3198
3200	F	3199
3201	M	3200
3202	F	3201
3203	M	3202
3204	M	3203
3205	F	3204
3206	M	3205
3207	M	3206
3208	M	3207
3209	M	3208
3210	F	3209
3211	M	3210
3212	F	3211
3213	F	3212
3214	F	3213
3215	F	3214
3216	M	3215
3217	F	3216
3218	M	3217
3219	F	3218
3220	M	3219
3221	M	3220
3222	M	3221
3223	M	3222
3224	F	3223
3225	M	3224
3226	M	3225
3227	F	3226
3228	M	3227
3229	F	3228
3230	M	3229
3231	M	3230
3232	M	3231
3233	M	3232
3234	F	3233
3235	M	3234
3236	M	3235
3237	M	3236
3238	M	3237
3239	F	3238
3240	M	3239
3241	F	3240
3242	M	3241
3243	M	3242
3244	F	3243
3245	M	3244
3246	F	3245
3247	M	3246
3248	F	3247
3249	F	3248
3250	M	3249
3251	M	3250
3252	M	3251
3253	F	3252
3254	F	3253
3255	F	3254
3256	M	3255
3257	M	3256
3258	M	3257
3259	F	3258
3260	M	3259
3261	M	3260
3262	M	3261
3263	M	3262
3264	F	3263
3265	M	3264
3266	F	3265
3267	M	3266
3268	M	3267
3269	F	3268
3270	M	3269
3271	F	3270
3272	M	3271
3273	M	3272
3274	M	3273
3275	M	3274
3276	M	3275
3277	M	3276
3278	M	3277
3279	M	3278
3280	M	3279
3281	M	3280
3282	M	3281
3283	M	3282
3284	M	3283
3285	M	3284
3286	F	3285
3287	M	3286
3288	M	3287
3289	M	3288
3290	M	3289
3291	F	3290
3292	F	3291
3293	M	3292
3294	M	3293
3295	M	3294
3296	M	3295
3297	M	3296
3298	M	3297
3299	F	3298
3300	M	3299
3301	F	3300
3302	M	3301
3303	M	3302
3304	F	3303
3305	M	3304
3306	M	3305
3307	M	3306
3308	F	3307
3309	M	3308
3310	M	3309
3311	M	3310
3312	F	3311
3313	M	3312
3314	M	3313
3315	M	3314
3316	M	3315
3317	M	3316
3318	M	3317
3319	F	3318
3320	M	3319
3321	M	3320
3322	F	3321
3323	M	3322
3324	M	3323
3325	F	3324
3326	M	3325
3327	M	3326
3328	M	3327
3329	M	3328
3330	F	3329
3331	F	3330
3332	M	3331
3333	M	3332
3334	M	3333
3335	M	3334
3336	M	3335
3337	M	3336
3338	M	3337
3339	M	3338
3340	M	3339
3341	M	3340
3342	F	3341
3343	F	3342
3344	M	3343
3345	M	3344
3346	M	3345
3347	F	3346
3348	M	3347
3349	F	3348
3350	F	3349
3351	F	3350
3352	M	3351
3353	M	3352
3354	M	3353
3355	M	3354
3356	M	3355
3357	M	3356
3358	F	3357
3359	M	3358
3360	F	3359
3361	M	3360
3362	F	3361
3363	F	3362
3364	M	3363
3365	M	3364
3366	M	3365
3367	M	3366
3368	M	3367
3369	M	3368
3370	M	3369
3371	M	3370
3372	M	3371
3373	M	3372
3374	M	3373
3375	M	3374
3376	M	3375
3377	M	3376
3378	M	3377
3379	M	3378
3380	M	3379
3381	M	3380
3382	F	3381
3383	M	3382
3384	M	3383
3385	F	3384
3386	M	3385
3387	M	3386
3388	F	3387
3389	M	3388
3390	F	3389
3391	M	3390
3392	M	3391
3393	M	3392
3394	M	3393
3395	M	3394
3396	M	3395
3397	M	3396
3398	M	3397
3399	M	3398
3400	M	3399
3401	M	3400
3402	M	3401
3403	M	3402
3404	M	3403
3405	M	3404
3406	F	3405
3407	F	3406
3408	M	3407
3409	M	3408
3410	M	3409
3411	M	3410
3412	M	3411
3413	F	3412
3414	M	3413
3415	M	3414
3416	M	3415
3417	F	3416
3418	F	3417
3419	M	3418
3420	F	3419
3421	M	3420
3422	M	3421
3423	M	3422
3424	M	3423
3425	M	3424
3426	M	3425
3427	M	3426
3428	M	3427
3429	F	3428
3430	F	3429
3431	F	3430
3432	M	3431
3433	M	3432
3434	M	3433
3435	M	3434
3436	M	3435
3437	F	3436
3438	F	3437
3439	M	3438
3440	M	3439
3441	F	3440
3442	M	3441
3443	F	3442
3444	M	3443
3445	F	3444
3446	M	3445
3447	M	3446
3448	F	3447
3449	M	3448
3450	M	3449
3451	F	3450
3452	M	3451
3453	M	3452
3454	M	3453
3455	F	3454
3456	M	3455
3457	M	3456
3458	M	3457
3459	M	3458
3460	M	3459
3461	M	3460
3462	F	3461
3463	M	3462
3464	F	3463
3465	M	3464
3466	M	3465
3467	M	3466
3468	M	3467
3469	M	3468
3470	M	3469
3471	M	3470
3472	M	3471
3473	F	3472
3474	M	3473
3475	M	3474
3476	M	3475
3477	F	3476
3478	M	3477
3479	M	3478
3480	M	3479
3481	M	3480
3482	M	3481
3483	F	3482
3484	M	3483
3485	M	3484
3486	F	3485
3487	M	3486
3488	M	3487
3489	M	3488
3490	M	3489
3491	M	3490
3492	M	3491
3493	M	3492
3494	M	3493
3495	M	3494
3496	M	3495
3497	F	3496
3498	M	3497
3499	M	3498
3500	M	3499
3501	F	3500
3502	F	3501
3503	M	3502
3504	M	3503
3505	F	3504
3506	M	3505
3507	M	3506
3508	M	3507
3509	M	3508
3510	F	3509
3511	M	3510
3512	M	3511
3513	M	3512
3514	M	3513
3515	M	3514
3516	M	3515
3517	M	3516
3518	F	3517
3519	F	3518
3520	M	3519
3521	M	3520
3522	M	3521
3523	M	3522
3524	F	3523
3525	F	3524
3526	M	3525
3527	M	3526
3528	M	3527
3529	F	3528
3530	M	3529
3531	F	3530
3532	F	3531
3533	M	3532
3534	M	3533
3535	M	3534
3536	M	3535
3537	M	3536
3538	M	3537
3539	F	3538
3540	M	3539
3541	M	3540
3542	M	3541
3543	M	3542
3544	F	3543
3545	M	3544
3546	M	3545
3547	M	3546
3548	M	3547
3549	F	3548
3550	M	3549
3551	F	3550
3552	F	3551
3553	M	3552
3554	M	3553
3555	M	3554
3556	M	3555
3557	M	3556
3558	M	3557
3559	M	3558
3560	F	3559
3561	M	3560
3562	F	3561
3563	M	3562
3564	M	3563
3565	M	3564
3566	M	3565
3567	M	3566
3568	M	3567
3569	F	3568
3570	M	3569
3571	M	3570
3572	M	3571
3573	M	3572
3574	F	3573
3575	M	3574
3576	M	3575
3577	F	3576
3578	M	3577
3579	M	3578
3580	F	3579
3581	M	3580
3582	F	3581
3583	F	3582
3584	M	3583
3585	M	3584
3586	M	3585
3587	M	3586
3588	M	3587
3589	F	3588
3590	F	3589
3591	M	3590
3592	F	3591
3593	F	3592
3594	M	3593
3595	M	3594
3596	F	3595
3597	M	3596
3598	M	3597
3599	M	3598
3600	M	3599
3601	F	3600
3602	M	3601
3603	F	3602
3604	F	3603
3605	M	3604
3606	F	3605
3607	M	3606
3608	F	3607
3609	F	3608
3610	M	3609
3611	M	3610
3612	M	3611
3613	M	3612
3614	M	3613
3615	M	3614
3616	M	3615
3617	M	3616
3618	M	3617
3619	M	3618
3620	M	3619
3621	M	3620
3622	M	3621
3623	M	3622
3624	M	3623
3625	M	3624
3626	M	3625
3627	F	3626
3628	M	3627
3629	F	3628
3630	M	3629
3631	M	3630
3632	M	3631
3633	M	3632
3634	M	3633
3635	M	3634
3636	M	3635
3637	M	3636
3638	M	3637
3639	M	3638
3640	M	3639
3641	M	3640
3642	F	3641
3643	M	3642
3644	F	3643
3645	M	3644
3646	M	3645
3647	M	3646
3648	M	3647
3649	F	3648
3650	M	3649
3651	M	3650
3652	M	3651
3653	M	3652
3654	M	3653
3655	F	3654
3656	F	3655
3657	M	3656
3658	F	3657
3659	M	3658
3660	M	3659
3661	M	3660
3662	M	3661
3663	F	3662
3664	F	3663
3665	M	3664
3666	M	3665
3667	F	3666
3668	F	3667
3669	M	3668
3670	M	3669
3671	M	3670
3672	M	3671
3673	M	3672
3674	M	3673
3675	M	3674
3676	F	3675
3677	F	3676
3678	M	3677
3679	M	3678
3680	F	3679
3681	M	3680
3682	F	3681
3683	M	3682
3684	M	3683
3685	M	3684
3686	M	3685
3687	F	3686
3688	M	3687
3689	M	3688
3690	M	3689
3691	M	3690
3692	M	3691
3693	M	3692
3694	M	3693
3695	M	3694
3696	M	3695
3697	M	3696
3698	M	3697
3699	F	3698
3700	M	3699
3701	M	3700
3702	M	3701
3703	M	3702
3704	F	3703
3705	M	3704
3706	M	3705
3707	F	3706
3708	M	3707
3709	M	3708
3710	M	3709
3711	M	3710
3712	M	3711
3713	F	3712
3714	M	3713
3715	M	3714
3716	M	3715
3717	M	3716
3718	M	3717
3719	M	3718
3720	M	3719
3721	M	3720
3722	M	3721
3723	M	3722
3724	M	3723
3725	M	3724
3726	M	3725
3727	M	3726
3728	M	3727
3729	M	3728
3730	M	3729
3731	M	3730
3732	M	3731
3733	M	3732
3734	M	3733
3735	M	3734
3736	M	3735
3737	M	3736
3738	M	3737
3739	M	3738
3740	M	3739
3741	M	3740
3742	M	3741
3743	F	3742
3744	M	3743
3745	F	3744
3746	M	3745
3747	M	3746
3748	M	3747
3749	F	3748
3750	F	3749
3751	F	3750
3752	F	3751
3753	M	3752
3754	M	3753
3755	F	3754
3756	M	3755
3757	M	3756
3758	F	3757
3759	M	3758
3760	M	3759
3761	M	3760
3762	M	3761
3763	M	3762
3764	M	3763
3765	F	3764
3766	F	3765
3767	M	3766
3768	M	3767
3769	M	3768
3770	F	3769
3771	M	3770
3772	M	3771
3773	M	3772
3774	M	3773
3775	M	3774
3776	F	3775
3777	M	3776
3778	M	3777
3779	F	3778
3780	M	3779
3781	F	3780
3782	F	3781
3783	M	3782
3784	F	3783
3785	F	3784
3786	F	3785
3787	F	3786
3788	F	3787
3789	F	3788
3790	F	3789
3791	M	3790
3792	M	3791
3793	M	3792
3794	F	3793
3795	F	3794
3796	M	3795
3797	M	3796
3798	M	3797
3799	M	3798
3800	M	3799
3801	M	3800
3802	M	3801
3803	F	3802
3804	M	3803
3805	F	3804
3806	M	3805
3807	F	3806
3808	M	3807
3809	M	3808
3810	M	3809
3811	M	3810
3812	M	3811
3813	M	3812
3814	M	3813
3815	M	3814
3816	F	3815
3817	M	3816
3818	M	3817
3819	M	3818
3820	M	3819
3821	M	3820
3822	M	3821
3823	M	3822
3824	M	3823
3825	M	3824
3826	M	3825
3827	M	3826
3828	M	3827
3829	F	3828
3830	M	3829
3831	F	3830
3832	F	3831
3833	M	3832
3834	M	3833
3835	M	3834
3836	F	3835
3837	M	3836
3838	F	3837
3839	M	3838
3840	F	3839
3841	M	3840
3842	F	3841
3843	F	3842
3844	M	3843
3845	M	3844
3846	M	3845
3847	M	3846
3848	M	3847
3849	M	3848
3850	M	3849
3851	M	3850
3852	M	3851
3853	M	3852
3854	M	3853
3855	M	3854
3856	F	3855
3857	M	3856
3858	F	3857
3859	M	3858
3860	M	3859
3861	M	3860
3862	M	3861
3863	M	3862
3864	M	3863
3865	F	3864
3866	M	3865
3867	M	3866
3868	M	3867
3869	M	3868
3870	M	3869
3871	M	3870
3872	M	3871
3873	F	3872
3874	M	3873
3875	M	3874
3876	M	3875
3877	M	3876
3878	M	3877
3879	M	3878
3880	M	3879
3881	M	3880
3882	M	3881
3883	M	3882
3884	M	3883
3885	M	3884
3886	M	3885
3887	M	3886
3888	M	3887
3889	M	3888
3890	M	3889
3891	F	3890
3892	M	3891
3893	M	3892
3894	M	3893
3895	F	3894
3896	M	3895
3897	M	3896
3898	M	3897
3899	M	3898
3900	F	3899
3901	M	3900
3902	M	3901
3903	M	3902
3904	M	3903
3905	M	3904
3906	M	3905
3907	F	3906
3908	M	3907
3909	M	3908
3910	M	3909
3911	M	3910
3912	M	3911
3913	M	3912
3914	M	3913
3915	F	3914
3916	M	3915
3917	F	3916
3918	M	3917
3919	M	3918
3920	M	3919
3921	M	3920
3922	M	3921
3923	M	3922
3924	M	3923
3925	M	3924
3926	M	3925
3927	F	3926
3928	M	3927
3929	M	3928
3930	M	3929
3931	M	3930
3932	M	3931
3933	F	3932
3934	M	3933
3935	M	3934
3936	F	3935
3937	M	3936
3938	M	3937
3939	M	3938
3940	M	3939
3941	M	3940
3942	M	3941
3943	F	3942
3944	F	3943
3945	F	3944
3946	F	3945
3947	M	3946
3948	F	3947
3949	M	3948
3950	M	3949
3951	F	3950
3952	F	3951
3953	M	3952
3954	M	3953
3955	M	3954
3956	M	3955
3957	M	3956
3958	M	3957
3959	F	3958
3960	F	3959
3961	M	3960
3962	F	3961
3963	M	3962
3964	M	3963
3965	M	3964
3966	M	3965
3967	F	3966
3968	M	3967
3969	M	3968
3970	F	3969
3971	F	3970
3972	F	3971
3973	M	3972
3974	M	3973
3975	F	3974
3976	F	3975
3977	M	3976
3978	M	3977
3979	F	3978
3980	M	3979
3981	F	3980
3982	M	3981
3983	M	3982
3984	M	3983
3985	M	3984
3986	M	3985
3987	F	3986
3988	F	3987
3989	M	3988
3990	M	3989
3991	M	3990
3992	M	3991
3993	M	3992
3994	M	3993
3995	M	3994
3996	M	3995
3997	M	3996
3998	M	3997
3999	M	3998
4000	M	3999
4001	F	4000
4002	M	4001
4003	M	4002
4004	M	4003
4005	M	4004
4006	M	4005
4007	M	4006
4008	M	4007
4009	M	4008
4010	M	4009
4011	M	4010
4012	M	4011
4013	M	4012
4014	M	4013
4015	F	4014
4016	M	4015
4017	M	4016
4018	F	4017
4019	M	4018
4020	M	4019
4021	M	4020
4022	M	4021
4023	F	4022
4024	M	4023
4025	F	4024
4026	M	4025
4027	F	4026
4028	M	4027
4029	F	4028
4030	M	4029
4031	M	4030
4032	M	4031
4033	M	4032
4034	M	4033
4035	M	4034
4036	M	4035
4037	M	4036
4038	M	4037
4039	M	4038
4040	M	4039
4041	M	4040
4042	M	4041
4043	F	4042
4044	F	4043
4045	M	4044
4046	M	4045
4047	M	4046
4048	F	4047
4049	M	4048
4050	M	4049
4051	M	4050
4052	M	4051
4053	M	4052
4054	M	4053
4055	M	4054
4056	M	4055
4057	M	4056
4058	M	4057
4059	M	4058
4060	M	4059
4061	M	4060
4062	M	4061
4063	F	4062
4064	M	4063
4065	F	4064
4066	M	4065
4067	M	4066
4068	M	4067
4069	M	4068
4070	M	4069
4071	M	4070
4072	M	4071
4073	M	4072
4074	M	4073
4075	M	4074
4076	M	4075
4077	F	4076
4078	M	4077
4079	M	4078
4080	M	4079
4081	M	4080
4082	M	4081
4083	M	4082
4084	M	4083
4085	F	4084
4086	F	4085
4087	M	4086
4088	M	4087
4089	M	4088
4090	M	4089
4091	M	4090
4092	F	4091
4093	M	4092
4094	M	4093
4095	M	4094
4096	M	4095
4097	M	4096
4098	M	4097
4099	M	4098
4100	M	4099
4101	M	4100
4102	M	4101
4103	M	4102
4104	M	4103
4105	M	4104
4106	M	4105
4107	F	4106
4108	M	4107
4109	M	4108
4110	F	4109
4111	M	4110
4112	M	4111
4113	M	4112
4114	M	4113
4115	M	4114
4116	M	4115
4117	M	4116
4118	M	4117
4119	M	4118
4120	M	4119
4121	M	4120
4122	M	4121
4123	F	4122
4124	M	4123
4125	M	4124
4126	M	4125
4127	M	4126
4128	M	4127
4129	M	4128
4130	M	4129
4131	M	4130
4132	M	4131
4133	M	4132
4134	F	4133
4135	M	4134
4136	M	4135
4137	M	4136
4138	M	4137
4139	M	4138
4140	M	4139
4141	M	4140
4142	M	4141
4143	F	4142
4144	M	4143
4145	F	4144
4146	M	4145
4147	F	4146
4148	F	4147
4149	M	4148
4150	M	4149
4151	M	4150
4152	M	4151
4153	M	4152
4154	M	4153
4155	M	4154
4156	M	4155
4157	M	4156
4158	F	4157
4159	F	4158
4160	M	4159
4161	M	4160
4162	F	4161
4163	M	4162
4164	M	4163
4165	F	4164
4166	F	4165
4167	M	4166
4168	F	4167
4169	M	4168
4170	M	4169
4171	M	4170
4172	M	4171
4173	F	4172
4174	F	4173
4175	M	4174
4176	M	4175
4177	M	4176
4178	F	4177
4179	F	4178
4180	M	4179
4181	F	4180
4182	M	4181
4183	M	4182
4184	M	4183
4185	M	4184
4186	M	4185
4187	F	4186
4188	M	4187
4189	M	4188
4190	M	4189
4191	F	4190
4192	M	4191
4193	M	4192
4194	M	4193
4195	F	4194
4196	M	4195
4197	F	4196
4198	M	4197
4199	F	4198
4200	M	4199
4201	F	4200
4202	M	4201
4203	M	4202
4204	M	4203
4205	F	4204
4206	F	4205
4207	M	4206
4208	F	4207
4209	M	4208
4210	M	4209
4211	M	4210
4212	M	4211
4213	M	4212
4214	F	4213
4215	M	4214
4216	M	4215
4217	M	4216
4218	M	4217
4219	M	4218
4220	M	4219
4221	M	4220
4222	F	4221
4223	F	4222
4224	F	4223
4225	F	4224
4226	F	4225
4227	M	4226
4228	M	4227
4229	M	4228
4230	M	4229
4231	F	4230
4232	F	4231
4233	M	4232
4234	F	4233
4235	M	4234
4236	F	4235
4237	M	4236
4238	M	4237
4239	M	4238
4240	M	4239
4241	M	4240
4242	M	4241
4243	M	4242
4244	M	4243
4245	M	4244
4246	F	4245
4247	M	4246
4248	M	4247
4249	F	4248
4250	F	4249
4251	M	4250
4252	F	4251
4253	M	4252
4254	M	4253
4255	M	4254
4256	F	4255
4257	M	4256
4258	M	4257
4259	M	4258
4260	M	4259
4261	F	4260
4262	F	4261
4263	M	4262
4264	M	4263
4265	M	4264
4266	M	4265
4267	M	4266
4268	F	4267
4269	M	4268
4270	M	4269
4271	M	4270
4272	M	4271
4273	M	4272
4274	F	4273
4275	F	4274
4276	F	4275
4277	M	4276
4278	F	4277
4279	M	4278
4280	M	4279
4281	M	4280
4282	M	4281
4283	F	4282
4284	M	4283
4285	M	4284
4286	M	4285
4287	M	4286
4288	F	4287
4289	M	4288
4290	M	4289
4291	M	4290
4292	M	4291
4293	F	4292
4294	M	4293
4295	M	4294
4296	M	4295
4297	M	4296
4298	F	4297
4299	F	4298
4300	F	4299
4301	M	4300
4302	M	4301
4303	M	4302
4304	M	4303
4305	F	4304
4306	M	4305
4307	M	4306
4308	M	4307
4309	M	4308
4310	M	4309
4311	M	4310
4312	M	4311
4313	F	4312
4314	M	4313
4315	M	4314
4316	M	4315
4317	F	4316
4318	M	4317
4319	M	4318
4320	M	4319
4321	M	4320
4322	F	4321
4323	M	4322
4324	M	4323
4325	M	4324
4326	F	4325
4327	M	4326
4328	M	4327
4329	F	4328
4330	F	4329
4331	M	4330
4332	F	4331
4333	M	4332
4334	M	4333
4335	M	4334
4336	F	4335
4337	M	4336
4338	F	4337
4339	M	4338
4340	F	4339
4341	M	4340
4342	M	4341
4343	M	4342
4344	M	4343
4345	F	4344
4346	M	4345
4347	F	4346
4348	M	4347
4349	M	4348
4350	M	4349
4351	M	4350
4352	M	4351
4353	M	4352
4354	M	4353
4355	M	4354
4356	M	4355
4357	F	4356
4358	M	4357
4359	M	4358
4360	F	4359
4361	M	4360
4362	M	4361
4363	M	4362
4364	M	4363
4365	F	4364
4366	M	4365
4367	M	4366
4368	M	4367
4369	M	4368
4370	M	4369
4371	F	4370
4372	M	4371
4373	M	4372
4374	M	4373
4375	F	4374
4376	F	4375
4377	M	4376
4378	M	4377
4379	M	4378
4380	F	4379
4381	M	4380
4382	M	4381
4383	F	4382
4384	M	4383
4385	M	4384
4386	M	4385
4387	F	4386
4388	M	4387
4389	M	4388
4390	M	4389
4391	F	4390
4392	M	4391
4393	M	4392
4394	M	4393
4395	M	4394
4396	M	4395
4397	M	4396
4398	F	4397
4399	F	4398
4400	F	4399
4401	M	4400
4402	F	4401
4403	M	4402
4404	M	4403
4405	M	4404
4406	M	4405
4407	M	4406
4408	F	4407
4409	M	4408
4410	M	4409
4411	M	4410
4412	M	4411
4413	M	4412
4414	M	4413
4415	M	4414
4416	M	4415
4417	M	4416
4418	F	4417
4419	F	4418
4420	M	4419
4421	M	4420
4422	M	4421
4423	M	4422
4424	M	4423
4425	M	4424
4426	M	4425
4427	M	4426
4428	M	4427
4429	M	4428
4430	F	4429
4431	M	4430
4432	M	4431
4433	M	4432
4434	F	4433
4435	M	4434
4436	M	4435
4437	F	4436
4438	M	4437
4439	M	4438
4440	M	4439
4441	M	4440
4442	M	4441
4443	M	4442
4444	F	4443
4445	M	4444
4446	M	4445
4447	M	4446
4448	M	4447
4449	M	4448
4450	M	4449
4451	M	4450
4452	F	4451
4453	M	4452
4454	M	4453
4455	M	4454
4456	F	4455
4457	M	4456
4458	F	4457
4459	M	4458
4460	M	4459
4461	M	4460
4462	F	4461
4463	M	4462
4464	F	4463
4465	M	4464
4466	M	4465
4467	F	4466
4468	F	4467
4469	F	4468
4470	M	4469
4471	M	4470
4472	F	4471
4473	M	4472
4474	M	4473
4475	M	4474
4476	M	4475
4477	M	4476
4478	M	4477
4479	M	4478
4480	M	4479
4481	M	4480
4482	F	4481
4483	F	4482
4484	F	4483
4485	M	4484
4486	M	4485
4487	M	4486
4488	M	4487
4489	M	4488
4490	M	4489
4491	M	4490
4492	M	4491
4493	F	4492
4494	M	4493
4495	M	4494
4496	M	4495
4497	M	4496
4498	M	4497
4499	M	4498
4500	M	4499
4501	M	4500
4502	M	4501
4503	M	4502
4504	F	4503
4505	M	4504
4506	M	4505
4507	M	4506
4508	M	4507
4509	M	4508
4510	M	4509
4511	M	4510
4512	M	4511
4513	M	4512
4514	M	4513
4515	M	4514
4516	M	4515
4517	F	4516
4518	M	4517
4519	M	4518
4520	M	4519
4521	M	4520
4522	M	4521
4523	M	4522
4524	M	4523
4525	M	4524
4526	M	4525
4527	M	4526
4528	M	4527
4529	M	4528
4530	F	4529
4531	M	4530
4532	M	4531
4533	M	4532
4534	M	4533
4535	M	4534
4536	M	4535
4537	F	4536
4538	M	4537
4539	M	4538
4540	F	4539
4541	M	4540
4542	M	4541
4543	M	4542
4544	M	4543
4545	M	4544
4546	M	4545
4547	M	4546
4548	M	4547
4549	F	4548
4550	M	4549
4551	M	4550
4552	M	4551
4553	F	4552
4554	F	4553
4555	F	4554
4556	M	4555
4557	M	4556
4558	M	4557
4559	M	4558
4560	M	4559
4561	F	4560
4562	M	4561
4563	F	4562
4564	M	4563
4565	M	4564
4566	M	4565
4567	M	4566
4568	F	4567
4569	M	4568
4570	M	4569
4571	M	4570
4572	F	4571
4573	M	4572
4574	M	4573
4575	F	4574
4576	F	4575
4577	M	4576
4578	M	4577
4579	F	4578
4580	F	4579
4581	M	4580
4582	F	4581
4583	M	4582
4584	F	4583
4585	M	4584
4586	M	4585
4587	M	4586
4588	F	4587
4589	M	4588
4590	F	4589
4591	M	4590
4592	M	4591
4593	F	4592
4594	M	4593
4595	M	4594
4596	F	4595
4597	F	4596
4598	F	4597
4599	F	4598
4600	M	4599
4601	M	4600
4602	M	4601
4603	F	4602
4604	M	4603
4605	M	4604
4606	F	4605
4607	M	4606
4608	F	4607
4609	F	4608
4610	F	4609
4611	F	4610
4612	F	4611
4613	M	4612
4614	F	4613
4615	M	4614
4616	M	4615
4617	F	4616
4618	M	4617
4619	F	4618
4620	F	4619
4621	M	4620
4622	M	4621
4623	M	4622
4624	M	4623
4625	M	4624
4626	M	4625
4627	M	4626
4628	F	4627
4629	F	4628
4630	F	4629
4631	M	4630
4632	M	4631
4633	M	4632
4634	M	4633
4635	M	4634
4636	M	4635
4637	F	4636
4638	M	4637
4639	M	4638
4640	M	4639
4641	M	4640
4642	M	4641
4643	M	4642
4644	M	4643
4645	F	4644
4646	F	4645
4647	M	4646
4648	M	4647
4649	M	4648
4650	M	4649
4651	F	4650
4652	F	4651
4653	M	4652
4654	M	4653
4655	F	4654
4656	M	4655
4657	M	4656
4658	M	4657
4659	F	4658
4660	F	4659
4661	M	4660
4662	F	4661
4663	M	4662
4664	F	4663
4665	M	4664
4666	M	4665
4667	M	4666
4668	M	4667
4669	M	4668
4670	M	4669
4671	M	4670
4672	M	4671
4673	M	4672
4674	F	4673
4675	F	4674
4676	M	4675
4677	M	4676
4678	M	4677
4679	M	4678
4680	M	4679
4681	F	4680
4682	M	4681
4683	M	4682
4684	F	4683
4685	M	4684
4686	M	4685
4687	M	4686
4688	M	4687
4689	M	4688
4690	F	4689
4691	F	4690
4692	F	4691
4693	M	4692
4694	M	4693
4695	M	4694
4696	M	4695
4697	M	4696
4698	F	4697
4699	F	4698
4700	F	4699
4701	M	4700
4702	M	4701
4703	M	4702
4704	M	4703
4705	F	4704
4706	M	4705
4707	M	4706
4708	M	4707
4709	M	4708
4710	F	4709
4711	M	4710
4712	M	4711
4713	M	4712
4714	M	4713
4715	M	4714
4716	F	4715
4717	M	4716
4718	M	4717
4719	F	4718
4720	M	4719
4721	M	4720
4722	M	4721
4723	M	4722
4724	F	4723
4725	M	4724
4726	F	4725
4727	F	4726
4728	M	4727
4729	M	4728
4730	M	4729
4731	M	4730
4732	M	4731
4733	M	4732
4734	M	4733
4735	M	4734
4736	M	4735
4737	M	4736
4738	M	4737
4739	M	4738
4740	F	4739
4741	M	4740
4742	M	4741
4743	M	4742
4744	M	4743
4745	F	4744
4746	M	4745
4747	M	4746
4748	M	4747
4749	M	4748
4750	F	4749
4751	M	4750
4752	F	4751
4753	M	4752
4754	F	4753
4755	F	4754
4756	M	4755
4757	M	4756
4758	F	4757
4759	F	4758
4760	M	4759
4761	M	4760
4762	F	4761
4763	M	4762
4764	M	4763
4765	F	4764
4766	M	4765
4767	F	4766
4768	M	4767
4769	M	4768
4770	F	4769
4771	F	4770
4772	M	4771
4773	M	4772
4774	M	4773
4775	M	4774
4776	F	4775
4777	M	4776
4778	M	4777
4779	M	4778
4780	M	4779
4781	F	4780
4782	M	4781
4783	M	4782
4784	F	4783
4785	F	4784
4786	M	4785
4787	M	4786
4788	M	4787
4789	M	4788
4790	F	4789
4791	M	4790
4792	F	4791
4793	F	4792
4794	F	4793
4795	M	4794
4796	M	4795
4797	F	4796
4798	M	4797
4799	F	4798
4800	M	4799
4801	M	4800
4802	M	4801
4803	F	4802
4804	F	4803
4805	M	4804
4806	M	4805
4807	M	4806
4808	M	4807
4809	F	4808
4810	M	4809
4811	M	4810
4812	M	4811
4813	F	4812
4814	M	4813
4815	F	4814
4816	F	4815
4817	M	4816
4818	F	4817
4819	M	4818
4820	M	4819
4821	M	4820
4822	F	4821
4823	M	4822
4824	M	4823
4825	M	4824
4826	M	4825
4827	M	4826
4828	F	4827
4829	M	4828
4830	M	4829
4831	F	4830
4832	M	4831
4833	M	4832
4834	F	4833
4835	M	4834
4836	F	4835
4837	M	4836
4838	M	4837
4839	F	4838
4840	F	4839
4841	M	4840
4842	F	4841
4843	M	4842
4844	M	4843
4845	F	4844
4846	F	4845
4847	M	4846
4848	F	4847
4849	F	4848
4850	F	4849
4851	M	4850
4852	M	4851
4853	M	4852
4854	F	4853
4855	M	4854
4856	M	4855
4857	M	4856
4858	M	4857
4859	F	4858
4860	M	4859
4861	M	4860
4862	M	4861
4863	F	4862
4864	M	4863
4865	F	4864
4866	M	4865
4867	M	4866
4868	M	4867
4869	F	4868
4870	F	4869
4871	M	4870
4872	M	4871
4873	M	4872
4874	F	4873
4875	M	4874
4876	F	4875
4877	M	4876
4878	M	4877
4879	M	4878
4880	F	4879
4881	M	4880
4882	M	4881
4883	F	4882
4884	M	4883
4885	M	4884
4886	F	4885
4887	M	4886
4888	F	4887
4889	M	4888
4890	F	4889
4891	M	4890
4892	M	4891
4893	M	4892
4894	M	4893
4895	F	4894
4896	M	4895
4897	M	4896
4898	M	4897
4899	M	4898
4900	M	4899
4901	M	4900
4902	M	4901
4903	M	4902
4904	M	4903
4905	F	4904
4906	M	4905
4907	F	4906
4908	M	4907
4909	F	4908
4910	M	4909
4911	F	4910
4912	F	4911
4913	F	4912
4914	F	4913
4915	M	4914
4916	M	4915
4917	M	4916
4918	F	4917
4919	M	4918
4920	M	4919
4921	F	4920
4922	M	4921
4923	M	4922
4924	F	4923
4925	F	4924
4926	M	4925
4927	M	4926
4928	F	4927
4929	M	4928
4930	M	4929
4931	M	4930
4932	M	4931
4933	M	4932
4934	F	4933
4935	M	4934
4936	F	4935
4937	M	4936
4938	F	4937
4939	M	4938
4940	F	4939
4941	M	4940
4942	M	4941
4943	F	4942
4944	M	4943
4945	M	4944
4946	F	4945
4947	M	4946
4948	M	4947
4949	M	4948
4950	M	4949
4951	F	4950
4952	F	4951
4953	M	4952
4954	M	4953
4955	M	4954
4956	M	4955
4957	M	4956
4958	M	4957
4959	M	4958
4960	M	4959
4961	M	4960
4962	M	4961
4963	M	4962
4964	M	4963
4965	M	4964
4966	M	4965
4967	M	4966
4968	F	4967
4969	M	4968
4970	F	4969
4971	M	4970
4972	M	4971
4973	F	4972
4974	M	4973
4975	M	4974
4976	M	4975
4977	M	4976
4978	M	4977
4979	M	4978
4980	M	4979
4981	M	4980
4982	M	4981
4983	F	4982
4984	M	4983
4985	M	4984
4986	M	4985
4987	F	4986
4988	M	4987
4989	M	4988
4990	F	4989
4991	F	4990
4992	F	4991
4993	M	4992
4994	M	4993
4995	M	4994
4996	M	4995
4997	M	4996
4998	F	4997
4999	F	4998
5000	M	4999
5001	F	5000
5002	M	5001
5003	M	5002
5004	F	5003
5005	M	5004
5006	M	5005
5007	F	5006
5008	M	5007
5009	F	5008
5010	M	5009
5011	M	5010
5012	M	5011
5013	M	5012
5014	M	5013
5015	M	5014
5016	F	5015
5017	M	5016
5018	F	5017
5019	M	5018
5020	F	5019
5021	M	5020
5022	M	5021
5023	M	5022
5024	F	5023
5025	M	5024
5026	M	5025
5027	F	5026
5028	M	5027
5029	M	5028
5030	M	5029
5031	F	5030
5032	M	5031
5033	F	5032
5034	F	5033
5035	F	5034
5036	M	5035
5037	M	5036
5038	M	5037
5039	F	5038
5040	M	5039
5041	F	5040
5042	F	5041
5043	F	5042
5044	F	5043
5045	M	5044
5046	M	5045
5047	M	5046
5048	F	5047
5049	M	5048
5050	F	5049
5051	F	5050
5052	M	5051
5053	M	5052
5054	M	5053
5055	F	5054
5056	M	5055
5057	M	5056
5058	M	5057
5059	M	5058
5060	M	5059
5061	F	5060
5062	M	5061
5063	F	5062
5064	M	5063
5065	M	5064
5066	F	5065
5067	M	5066
5068	M	5067
5069	F	5068
5070	M	5069
5071	F	5070
5072	M	5071
5073	M	5072
5074	M	5073
5075	M	5074
5076	M	5075
5077	M	5076
5078	M	5077
5079	M	5078
5080	F	5079
5081	F	5080
5082	M	5081
5083	M	5082
5084	M	5083
5085	M	5084
5086	M	5085
5087	F	5086
5088	M	5087
5089	F	5088
5090	F	5089
5091	M	5090
5092	M	5091
5093	M	5092
5094	M	5093
5095	F	5094
5096	M	5095
5097	M	5096
5098	M	5097
5099	M	5098
5100	M	5099
5101	M	5100
5102	M	5101
5103	F	5102
5104	M	5103
5105	M	5104
5106	F	5105
5107	F	5106
5108	F	5107
5109	F	5108
5110	M	5109
5111	M	5110
5112	M	5111
5113	M	5112
5114	F	5113
5115	M	5114
5116	M	5115
5117	F	5116
5118	M	5117
5119	F	5118
5120	M	5119
5121	M	5120
5122	M	5121
5123	M	5122
5124	M	5123
5125	M	5124
5126	M	5125
5127	M	5126
5128	M	5127
5129	M	5128
5130	F	5129
5131	F	5130
5132	M	5131
5133	M	5132
5134	M	5133
5135	M	5134
5136	M	5135
5137	M	5136
5138	M	5137
5139	M	5138
5140	M	5139
5141	M	5140
5142	M	5141
5143	M	5142
5144	F	5143
5145	M	5144
5146	M	5145
5147	M	5146
5148	M	5147
5149	M	5148
5150	M	5149
5151	M	5150
5152	F	5151
5153	M	5152
5154	M	5153
5155	M	5154
5156	M	5155
5157	M	5156
5158	F	5157
5159	M	5158
5160	F	5159
5161	M	5160
5162	M	5161
5163	M	5162
5164	F	5163
5165	M	5164
5166	M	5165
5167	M	5166
5168	M	5167
5169	F	5168
5170	M	5169
5171	M	5170
5172	F	5171
5173	M	5172
5174	M	5173
5175	F	5174
5176	M	5175
5177	M	5176
5178	M	5177
5179	M	5178
5180	M	5179
5181	M	5180
5182	F	5181
5183	F	5182
5184	M	5183
5185	F	5184
5186	M	5185
5187	M	5186
5188	F	5187
5189	F	5188
5190	F	5189
5191	F	5190
5192	M	5191
5193	M	5192
5194	M	5193
5195	M	5194
5196	M	5195
5197	F	5196
5198	F	5197
5199	F	5198
5200	F	5199
5201	M	5200
5202	M	5201
5203	F	5202
5204	M	5203
5205	M	5204
5206	M	5205
5207	M	5206
5208	M	5207
5209	M	5208
5210	F	5209
5211	M	5210
5212	M	5211
5213	M	5212
5214	F	5213
5215	F	5214
5216	M	5215
5217	M	5216
5218	M	5217
5219	M	5218
5220	M	5219
5221	F	5220
5222	M	5221
5223	M	5222
5224	M	5223
5225	M	5224
5226	M	5225
5227	M	5226
5228	M	5227
5229	M	5228
5230	M	5229
5231	M	5230
5232	M	5231
5233	M	5232
5234	F	5233
5235	M	5234
5236	M	5235
5237	M	5236
5238	F	5237
5239	M	5238
5240	F	5239
5241	F	5240
5242	M	5241
5243	M	5242
5244	M	5243
5245	F	5244
5246	F	5245
5247	F	5246
5248	F	5247
5249	F	5248
5250	M	5249
5251	F	5250
5252	M	5251
5253	F	5252
5254	M	5253
5255	M	5254
5256	M	5255
5257	F	5256
5258	M	5257
5259	M	5258
5260	M	5259
5261	M	5260
5262	F	5261
5263	M	5262
5264	M	5263
5265	M	5264
5266	M	5265
5267	M	5266
5268	F	5267
5269	M	5268
5270	M	5269
5271	F	5270
5272	M	5271
5273	M	5272
5274	M	5273
5275	M	5274
5276	F	5275
5277	M	5276
5278	F	5277
5279	F	5278
5280	M	5279
5281	M	5280
5282	F	5281
5283	M	5282
5284	M	5283
5285	M	5284
5286	M	5285
5287	M	5286
5288	M	5287
5289	M	5288
5290	F	5289
5291	M	5290
5292	M	5291
5293	M	5292
5294	M	5293
5295	M	5294
5296	F	5295
5297	M	5296
5298	M	5297
5299	M	5298
5300	M	5299
5301	M	5300
5302	F	5301
5303	F	5302
5304	F	5303
5305	F	5304
5306	F	5305
5307	M	5306
5308	M	5307
5309	M	5308
5310	F	5309
5311	M	5310
5312	M	5311
5313	M	5312
5314	F	5313
5315	M	5314
5316	M	5315
5317	F	5316
5318	M	5317
5319	M	5318
5320	F	5319
5321	M	5320
5322	M	5321
5323	M	5322
5324	M	5323
5325	F	5324
5326	M	5325
5327	M	5326
5328	F	5327
5329	F	5328
5330	F	5329
5331	M	5330
5332	M	5331
5333	F	5332
5334	F	5333
5335	M	5334
5336	M	5335
5337	F	5336
5338	M	5337
5339	M	5338
5340	F	5339
5341	F	5340
5342	F	5341
5343	F	5342
5344	F	5343
5345	F	5344
5346	F	5345
5347	M	5346
5348	M	5347
5349	F	5348
5350	M	5349
5351	F	5350
5352	F	5351
5353	M	5352
5354	F	5353
5355	M	5354
5356	M	5355
5357	F	5356
5358	M	5357
5359	M	5358
5360	M	5359
5361	F	5360
5362	M	5361
5363	M	5362
5364	F	5363
5365	M	5364
5366	M	5365
5367	M	5366
5368	F	5367
5369	M	5368
5370	M	5369
5371	M	5370
5372	M	5371
5373	M	5372
5374	M	5373
5375	M	5374
5376	M	5375
5377	F	5376
5378	M	5377
5379	M	5378
5380	M	5379
5381	M	5380
5382	M	5381
5383	M	5382
5384	F	5383
5385	M	5384
5386	M	5385
5387	F	5386
5388	F	5387
5389	M	5388
5390	M	5389
5391	M	5390
5392	M	5391
5393	M	5392
5394	M	5393
5395	M	5394
5396	M	5395
5397	M	5396
5398	M	5397
5399	M	5398
5400	F	5399
5401	F	5400
5402	F	5401
5403	M	5402
5404	M	5403
5405	F	5404
5406	F	5405
5407	F	5406
5408	M	5407
5409	M	5408
5410	F	5409
5411	F	5410
5412	M	5411
5413	M	5412
5414	M	5413
5415	F	5414
5416	F	5415
5417	M	5416
5418	F	5417
5419	F	5418
5420	F	5419
5421	M	5420
5422	M	5421
5423	F	5422
5424	F	5423
5425	M	5424
5426	M	5425
5427	M	5426
5428	F	5427
5429	F	5428
5430	F	5429
5431	M	5430
5432	M	5431
5433	F	5432
5434	F	5433
5435	M	5434
5436	M	5435
5437	M	5436
5438	M	5437
5439	M	5438
5440	F	5439
5441	M	5440
5442	M	5441
5443	M	5442
5444	F	5443
5445	M	5444
5446	F	5445
5447	M	5446
5448	M	5447
5449	M	5448
5450	M	5449
5451	F	5450
5452	M	5451
5453	M	5452
5454	M	5453
5455	F	5454
5456	M	5455
5457	M	5456
5458	F	5457
5459	F	5458
5460	M	5459
5461	M	5460
5462	M	5461
5463	M	5462
5464	M	5463
5465	F	5464
5466	M	5465
5467	M	5466
5468	M	5467
5469	M	5468
5470	M	5469
5471	M	5470
5472	M	5471
5473	M	5472
5474	M	5473
5475	M	5474
5476	F	5475
5477	M	5476
5478	M	5477
5479	M	5478
5480	F	5479
5481	M	5480
5482	M	5481
5483	F	5482
5484	M	5483
5485	M	5484
5486	M	5485
5487	M	5486
5488	M	5487
5489	M	5488
5490	M	5489
5491	M	5490
5492	M	5491
5493	M	5492
5494	F	5493
5495	F	5494
5496	M	5495
5497	M	5496
5498	F	5497
5499	F	5498
5500	F	5499
5501	M	5500
5502	M	5501
5503	F	5502
5504	M	5503
5505	F	5504
5506	F	5505
5507	M	5506
5508	M	5507
5509	M	5508
5510	M	5509
5511	M	5510
5512	F	5511
5513	M	5512
5514	F	5513
5515	M	5514
5516	F	5515
5517	M	5516
5518	M	5517
5519	M	5518
5520	M	5519
5521	F	5520
5522	M	5521
5523	M	5522
5524	F	5523
5525	F	5524
5526	F	5525
5527	M	5526
5528	M	5527
5529	M	5528
5530	F	5529
5531	M	5530
5532	M	5531
5533	F	5532
5534	M	5533
5535	M	5534
5536	M	5535
5537	F	5536
5538	M	5537
5539	F	5538
5540	M	5539
5541	M	5540
5542	M	5541
5543	M	5542
5544	M	5543
5545	F	5544
5546	M	5545
5547	F	5546
5548	F	5547
5549	F	5548
5550	M	5549
5551	F	5550
5552	M	5551
5553	M	5552
5554	M	5553
5555	M	5554
5556	M	5555
5557	M	5556
5558	M	5557
5559	M	5558
5560	F	5559
5561	F	5560
5562	F	5561
5563	F	5562
5564	M	5563
5565	M	5564
5566	M	5565
5567	M	5566
5568	M	5567
5569	F	5568
5570	M	5569
5571	F	5570
5572	F	5571
5573	F	5572
5574	M	5573
5575	M	5574
5576	M	5575
5577	M	5576
5578	F	5577
5579	F	5578
5580	M	5579
5581	M	5580
5582	M	5581
5583	M	5582
5584	F	5583
5585	M	5584
5586	M	5585
5587	M	5586
5588	F	5587
5589	F	5588
5590	F	5589
5591	M	5590
5592	M	5591
5593	M	5592
5594	F	5593
5595	M	5594
5596	M	5595
5597	F	5596
5598	M	5597
5599	M	5598
5600	F	5599
5601	M	5600
5602	M	5601
5603	M	5602
5604	M	5603
5605	F	5604
5606	F	5605
5607	M	5606
5608	M	5607
5609	F	5608
5610	F	5609
5611	F	5610
5612	F	5611
5613	F	5612
5614	M	5613
5615	M	5614
5616	M	5615
5617	M	5616
5618	F	5617
5619	F	5618
5620	M	5619
5621	M	5620
5622	M	5621
5623	M	5622
5624	M	5623
5625	M	5624
5626	M	5625
5627	M	5626
5628	M	5627
5629	M	5628
5630	M	5629
5631	M	5630
5632	F	5631
5633	M	5632
5634	M	5633
5635	F	5634
5636	M	5635
5637	M	5636
5638	M	5637
5639	F	5638
5640	M	5639
5641	F	5640
5642	M	5641
5643	F	5642
5644	F	5643
5645	M	5644
5646	M	5645
5647	M	5646
5648	M	5647
5649	F	5648
5650	F	5649
5651	F	5650
5652	M	5651
5653	M	5652
5654	M	5653
5655	F	5654
5656	M	5655
5657	M	5656
5658	M	5657
5659	M	5658
5660	M	5659
5661	F	5660
5662	M	5661
5663	F	5662
5664	M	5663
5665	M	5664
5666	M	5665
5667	M	5666
5668	F	5667
5669	M	5668
5670	M	5669
5671	M	5670
5672	F	5671
5673	F	5672
5674	M	5673
5675	M	5674
5676	M	5675
5677	M	5676
5678	M	5677
5679	M	5678
5680	M	5679
5681	F	5680
5682	M	5681
5683	F	5682
5684	M	5683
5685	M	5684
5686	M	5685
5687	F	5686
5688	F	5687
5689	M	5688
5690	M	5689
5691	M	5690
5692	F	5691
5693	F	5692
5694	F	5693
5695	F	5694
5696	F	5695
5697	M	5696
5698	M	5697
5699	M	5698
5700	F	5699
5701	M	5700
5702	M	5701
5703	M	5702
5704	F	5703
5705	F	5704
5706	M	5705
5707	M	5706
5708	M	5707
5709	M	5708
5710	M	5709
5711	M	5710
5712	M	5711
5713	F	5712
5714	M	5713
5715	M	5714
5716	M	5715
5717	M	5716
5718	F	5717
5719	M	5718
5720	M	5719
5721	M	5720
5722	M	5721
5723	M	5722
5724	M	5723
5725	M	5724
5726	M	5725
5727	M	5726
5728	F	5727
5729	M	5728
5730	M	5729
5731	F	5730
5732	F	5731
5733	M	5732
5734	F	5733
5735	M	5734
5736	M	5735
5737	M	5736
5738	M	5737
5739	M	5738
5740	M	5739
5741	M	5740
5742	F	5741
5743	F	5742
5744	F	5743
5745	F	5744
5746	M	5745
5747	M	5746
5748	M	5747
5749	M	5748
5750	M	5749
5751	F	5750
5752	F	5751
5753	M	5752
5754	F	5753
5755	F	5754
5756	F	5755
5757	M	5756
5758	F	5757
5759	F	5758
5760	M	5759
5761	M	5760
5762	F	5761
5763	F	5762
5764	F	5763
5765	M	5764
5766	M	5765
5767	M	5766
5768	F	5767
5769	M	5768
5770	M	5769
5771	M	5770
5772	M	5771
5773	M	5772
5774	M	5773
5775	M	5774
5776	M	5775
5777	M	5776
5778	M	5777
5779	M	5778
5780	M	5779
5781	M	5780
5782	F	5781
5783	F	5782
5784	M	5783
5785	F	5784
5786	M	5785
5787	M	5786
5788	M	5787
5789	M	5788
5790	F	5789
5791	M	5790
5792	M	5791
5793	M	5792
5794	M	5793
5795	M	5794
5796	F	5795
5797	M	5796
5798	M	5797
5799	M	5798
5800	M	5799
5801	M	5800
5802	F	5801
5803	M	5802
5804	F	5803
5805	F	5804
5806	F	5805
5807	M	5806
5808	F	5807
5809	M	5808
5810	M	5809
5811	M	5810
5812	F	5811
5813	M	5812
5814	M	5813
5815	M	5814
5816	M	5815
5817	M	5816
5818	M	5817
5819	M	5818
5820	M	5819
5821	M	5820
5822	F	5821
5823	M	5822
5824	M	5823
5825	F	5824
5826	M	5825
5827	M	5826
5828	M	5827
5829	F	5828
5830	F	5829
5831	M	5830
5832	F	5831
5833	F	5832
5834	M	5833
5835	F	5834
5836	M	5835
5837	M	5836
5838	F	5837
5839	M	5838
5840	F	5839
5841	F	5840
5842	M	5841
5843	M	5842
5844	F	5843
5845	F	5844
5846	M	5845
5847	F	5846
5848	M	5847
5849	M	5848
5850	F	5849
5851	F	5850
5852	F	5851
5853	M	5852
5854	M	5853
5855	M	5854
5856	F	5855
5857	F	5856
5858	M	5857
5859	M	5858
5860	F	5859
5861	F	5860
5862	F	5861
5863	F	5862
5864	F	5863
5865	M	5864
5866	F	5865
5867	F	5866
5868	M	5867
5869	F	5868
5870	M	5869
5871	F	5870
5872	M	5871
5873	M	5872
5874	M	5873
5875	M	5874
5876	M	5875
5877	M	5876
5878	F	5877
5879	M	5878
5880	M	5879
5881	M	5880
5882	M	5881
5883	F	5882
5884	M	5883
5885	M	5884
5886	M	5885
5887	F	5886
5888	M	5887
5889	M	5888
5890	M	5889
5891	M	5890
5892	M	5891
5893	M	5892
5894	M	5893
5895	M	5894
5896	M	5895
5897	M	5896
5898	F	5897
5899	M	5898
5900	M	5899
5901	F	5900
5902	M	5901
5903	M	5902
5904	F	5903
5905	F	5904
5906	F	5905
5907	M	5906
5908	M	5907
5909	M	5908
5910	F	5909
5911	F	5910
5912	M	5911
5913	F	5912
5914	M	5913
5915	M	5914
5916	M	5915
5917	F	5916
5918	M	5917
5919	M	5918
5920	F	5919
5921	M	5920
5922	M	5921
5923	M	5922
5924	M	5923
5925	F	5924
5926	F	5925
5927	M	5926
5928	M	5927
5929	F	5928
5930	F	5929
5931	F	5930
5932	M	5931
5933	M	5932
5934	M	5933
5935	M	5934
5936	M	5935
5937	M	5936
5938	M	5937
5939	F	5938
5940	M	5939
5941	F	5940
5942	M	5941
5943	F	5942
5944	F	5943
5945	F	5944
5946	F	5945
5947	F	5946
5948	M	5947
5949	M	5948
5950	M	5949
5951	M	5950
5952	F	5951
5953	M	5952
5954	M	5953
5955	F	5954
5956	F	5955
5957	M	5956
5958	M	5957
5959	F	5958
5960	F	5959
5961	F	5960
5962	M	5961
5963	M	5962
5964	M	5963
5965	M	5964
5966	F	5965
5967	M	5966
5968	M	5967
5969	M	5968
5970	M	5969
5971	M	5970
5972	F	5971
5973	M	5972
5974	F	5973
5975	M	5974
5976	F	5975
5977	M	5976
5978	M	5977
5979	M	5978
5980	M	5979
5981	M	5980
5982	M	5981
5983	M	5982
5984	M	5983
5985	F	5984
5986	F	5985
5987	M	5986
5988	M	5987
5989	F	5988
5990	F	5989
5991	F	5990
5992	F	5991
5993	F	5992
5994	M	5993
5995	F	5994
5996	F	5995
5997	F	5996
5998	M	5997
5999	F	5998
6000	M	5999
6001	F	6000
6002	M	6001
6003	F	6002
6004	F	6003
6005	F	6004
6006	F	6005
6007	M	6006
6008	M	6007
6009	F	6008
6010	M	6009
6011	M	6010
6012	M	6011
6013	F	6012
6014	M	6013
6015	F	6014
6016	M	6015
6017	F	6016
6018	M	6017
6019	M	6018
6020	M	6019
6021	M	6020
6022	M	6021
6023	M	6022
6024	M	6023
6025	F	6024
6026	M	6025
6027	M	6026
6028	M	6027
6029	F	6028
6030	M	6029
6031	F	6030
6032	M	6031
6033	M	6032
6034	M	6033
6035	F	6034
6036	F	6035
6037	F	6036
6038	F	6037
6039	F	6038
6040	M	6039
